Date,Price
28-Nov-19,63.94
27-Nov-19,64.4
26-Nov-19,63.92
25-Nov-19,64.21
22-Nov-19,64.56
21-Nov-19,63.68
20-Nov-19,62.22
19-Nov-19,62.51
18-Nov-19,63.44
15-Nov-19,63.12
14-Nov-19,63
13-Nov-19,62.48
12-Nov-19,62.82
11-Nov-19,62.26
8-Nov-19,61.98
7-Nov-19,62.32
6-Nov-19,62.39
5-Nov-19,62.57
4-Nov-19,62
1-Nov-19,60.19
31-Oct-19,60.52
30-Oct-19,61.24
29-Oct-19,61.44
28-Oct-19,61.65
25-Oct-19,62.16
24-Oct-19,61.63
23-Oct-19,60.42
22-Oct-19,59.78
21-Oct-19,59.5
18-Oct-19,60.06
17-Oct-19,59.54
16-Oct-19,59.28
15-Oct-19,59.62
14-Oct-19,59.95
11-Oct-19,60.97
10-Oct-19,58.74
9-Oct-19,58.68
8-Oct-19,58.56
7-Oct-19,59.12
4-Oct-19,58.62
3-Oct-19,57.99
2-Oct-19,58.75
1-Oct-19,59.68
30-Sep-19,61.09
27-Sep-19,62.51
26-Sep-19,62.31
25-Sep-19,62.35
24-Sep-19,63.93
23-Sep-19,64.51
20-Sep-19,65.3
19-Sep-19,64.39
18-Sep-19,64.57
17-Sep-19,67.88
16-Sep-19,66.43
13-Sep-19,60.02
12-Sep-19,60.51
11-Sep-19,62.08
10-Sep-19,62.74
9-Sep-19,62
6-Sep-19,60.75
5-Sep-19,60.58
4-Sep-19,58.97
3-Sep-19,57.81
2-Sep-19,58.76
30-Aug-19,60.11
29-Aug-19,60.24
28-Aug-19,60.16
27-Aug-19,58.98
26-Aug-19,59.18
23-Aug-19,59.67
22-Aug-19,60.5
21-Aug-19,60.66
20-Aug-19,59.94
19-Aug-19,59.46
16-Aug-19,59.03
15-Aug-19,58.77
14-Aug-19,59.88
13-Aug-19,59.34
12-Aug-19,57.84
9-Aug-19,57.88
8-Aug-19,57.38
7-Aug-19,57.7
6-Aug-19,59.59
5-Aug-19,60.41
2-Aug-19,61.55
1-Aug-19,63.37
31-Jul-19,65.53
30-Jul-19,64.62
29-Jul-19,63.79
26-Jul-19,64.02
25-Jul-19,64.55
24-Jul-19,64.58
23-Jul-19,63.92
22-Jul-19,64.27
19-Jul-19,62.93
18-Jul-19,63.1
17-Jul-19,64.6
16-Jul-19,66.13
15-Jul-19,66.79
12-Jul-19,67.36
11-Jul-19,67.57
10-Jul-19,66.1
9-Jul-19,64.35
8-Jul-19,64.72
5-Jul-19,63.55
4-Jul-19,63.43
3-Jul-19,62.69
2-Jul-19,63.95
1-Jul-19,65.71
28-Jun-19,65.6
27-Jun-19,65.61
26-Jun-19,65.6
25-Jun-19,64.79
24-Jun-19,65.05
21-Jun-19,65.29
20-Jun-19,63.95
19-Jun-19,62.21
18-Jun-19,61.43
17-Jun-19,61.6
14-Jun-19,61.25
13-Jun-19,61.51
12-Jun-19,61.01
11-Jun-19,62.56
10-Jun-19,63.01
7-Jun-19,62.71
6-Jun-19,60.88
5-Jun-19,61.04
4-Jun-19,61.63
3-Jun-19,61.61
31-May-19,64.15
30-May-19,67.1
29-May-19,67.75
28-May-19,68.84
27-May-19,67.42
24-May-19,67.4
23-May-19,68.56
22-May-19,71.03
21-May-19,71.71
20-May-19,72.47
17-May-19,72.57
16-May-19,72.61
15-May-19,71.26
14-May-19,70.66
13-May-19,71.21
10-May-19,70.66
9-May-19,69.66
8-May-19,69.88
7-May-19,70.45
6-May-19,70.23
3-May-19,70.61
2-May-19,70.98
1-May-19,72
30-Apr-19,71.91
29-Apr-19,71.07
26-Apr-19,72.38
25-Apr-19,74.04
24-Apr-19,73.43
23-Apr-19,73.37
22-Apr-19,72.44
18-Apr-19,70.83
17-Apr-19,70.81
16-Apr-19,70.11
15-Apr-19,70.21
12-Apr-19,70.44
11-Apr-19,70.41
10-Apr-19,70.31
9-Apr-19,70.35
8-Apr-19,70.33
5-Apr-19,69.02
4-Apr-19,68.76
3-Apr-19,69.12
2-Apr-19,68.83
1-Apr-19,68.31
29-Mar-19,67.23
28-Mar-19,66.38
27-Mar-19,67.15
26-Mar-19,67.03
25-Mar-19,66.19
22-Mar-19,66.67
21-Mar-19,67.78
20-Mar-19,67.54
19-Mar-19,67.25
18-Mar-19,66.87
15-Mar-19,66.91
14-Mar-19,67.29
13-Mar-19,66.6
12-Mar-19,66.3
11-Mar-19,66.01
8-Mar-19,64.78
7-Mar-19,65.57
6-Mar-19,65.04
5-Mar-19,64.98
4-Mar-19,64.86
1-Mar-19,65.32
28-Feb-19,65.28
27-Feb-19,64.97
26-Feb-19,64.08
25-Feb-19,65.36
22-Feb-19,66.56
21-Feb-19,66.5
20-Feb-19,65.97
19-Feb-19,65.79
18-Feb-19,66.03
15-Feb-19,64.87
14-Feb-19,64.28
13-Feb-19,62.94
12-Feb-19,61.88
11-Feb-19,61.4
8-Feb-19,61.37
7-Feb-19,61.57
6-Feb-19,62.3
5-Feb-19,62.07
4-Feb-19,62.33
1-Feb-19,60.96
31-Jan-19,61.19
30-Jan-19,60.93
29-Jan-19,59.71
28-Jan-19,59.57
25-Jan-19,60.9
24-Jan-19,60.22
23-Jan-19,60.52
22-Jan-19,60.66
21-Jan-19,61.49
18-Jan-19,60.9
17-Jan-19,59.63
16-Jan-19,59.52
15-Jan-19,58.24
14-Jan-19,58.39
11-Jan-19,60
10-Jan-19,59.46
9-Jan-19,58.22
8-Jan-19,56.09
7-Jan-19,56.42
4-Jan-19,55.13
3-Jan-19,52.93
2-Jan-19,52.14
28-Dec-18,51.55
27-Dec-18,52.35
26-Dec-18,50.11
21-Dec-18,52.64
20-Dec-18,53.92
19-Dec-18,55.13
18-Dec-18,56.08
17-Dec-18,58.24
14-Dec-18,59.07
13-Dec-18,58.67
12-Dec-18,59.2
11-Dec-18,58.57
10-Dec-18,59.72
7-Dec-18,59.2
6-Dec-18,58.79
5-Dec-18,60.08
4-Dec-18,61.09
3-Dec-18,60.57
30-Nov-18,58.33
29-Nov-18,58.09
28-Nov-18,59.25
27-Nov-18,59.05
26-Nov-18,59.29
23-Nov-18,60.27
22-Nov-18,62.08
21-Nov-18,62.33
20-Nov-18,64.02
19-Nov-18,65.46
16-Nov-18,66
15-Nov-18,65.28
14-Nov-18,64.51
13-Nov-18,67.01
12-Nov-18,69.82
9-Nov-18,68.89
8-Nov-18,70.68
7-Nov-18,70.63
6-Nov-18,70.88
5-Nov-18,71.45
2-Nov-18,71.35
1-Nov-18,72.64
31-Oct-18,75.24
30-Oct-18,75.51
29-Oct-18,76.07
26-Oct-18,75.71
25-Oct-18,75.33
24-Oct-18,75.04
23-Oct-18,77.11
22-Oct-18,78.68
19-Oct-18,78.15
18-Oct-18,78.25
17-Oct-18,79.5
16-Oct-18,79.02
15-Oct-18,79.31
12-Oct-18,79.36
11-Oct-18,80.14
10-Oct-18,82.6
9-Oct-18,83.17
8-Oct-18,81.88
5-Oct-18,83.24
4-Oct-18,84.09
3-Oct-18,83.64
2-Oct-18,83.28
1-Oct-18,81.58
28-Sep-18,81.48
27-Sep-18,80.88
26-Sep-18,81.58
25-Sep-18,80.44
24-Sep-18,78.81
21-Sep-18,77.08
20-Sep-18,77.13
19-Sep-18,77.06
18-Sep-18,76.09
17-Sep-18,76.19
14-Sep-18,76.05
13-Sep-18,76.46
12-Sep-18,77.16
11-Sep-18,76.02
10-Sep-18,75.2
7-Sep-18,74.17
6-Sep-18,74.51
5-Sep-18,75.18
4-Sep-18,76.32
3-Sep-18,75.77
31-Aug-18,75.74
30-Aug-18,75.72
29-Aug-18,74.48
28-Aug-18,74.75
27-Aug-18,74.09
24-Aug-18,74.02
23-Aug-18,73.01
22-Aug-18,71.75
21-Aug-18,71.01
20-Aug-18,70.64
17-Aug-18,70.27
16-Aug-18,69.47
15-Aug-18,69.77
14-Aug-18,71.33
13-Aug-18,70.97
10-Aug-18,70.6
9-Aug-18,72.03
8-Aug-18,72.1
7-Aug-18,72.49
6-Aug-18,72.18
3-Aug-18,71.98
2-Aug-18,71.52
1-Aug-18,72
31-Jul-18,73.62
30-Jul-18,73.53
27-Jul-18,73.69
26-Jul-18,73.62
25-Jul-18,72.87
24-Jul-18,72.01
23-Jul-18,71.85
20-Jul-18,71.57
19-Jul-18,70.91
18-Jul-18,69.98
17-Jul-18,70.38
16-Jul-18,71.9
13-Jul-18,72.15
12-Jul-18,72.15
11-Jul-18,74.4
10-Jul-18,76.34
9-Jul-18,75.23
6-Jul-18,74.5
5-Jul-18,75.21
4-Jul-18,75.38
3-Jul-18,74.96
2-Jul-18,75.61
29-Jun-18,75.68
28-Jun-18,74.86
27-Jun-18,74.31
26-Jun-18,72.69
25-Jun-18,72.16
22-Jun-18,71.89
21-Jun-18,70.96
20-Jun-18,72.49
19-Jun-18,71.88
18-Jun-18,71.1
15-Jun-18,72.8
14-Jun-18,73.81
13-Jun-18,73.36
12-Jun-18,74.12
11-Jun-18,73.97
8-Jun-18,74.23
7-Jun-18,73.63
6-Jun-18,73.07
5-Jun-18,72.8
4-Jun-18,73.57
1-Jun-18,74.25
31-May-18,75.18
30-May-18,73.73
29-May-18,72.91
28-May-18,73.37
25-May-18,74.87
24-May-18,76.62
23-May-18,76.43
22-May-18,77.19
21-May-18,76.22
18-May-18,76.47
17-May-18,76.76
16-May-18,75.18
15-May-18,75.47
14-May-18,74.2
11-May-18,74.41
10-May-18,74.45
9-May-18,73.95
8-May-18,72.1
7-May-18,72.44
4-May-18,70.98
3-May-18,70.64
2-May-18,70.46
1-May-18,70.57
30-Apr-18,71.02
27-Apr-18,71.24
26-Apr-18,71
25-Apr-18,70.5
24-Apr-18,71.35
23-Apr-18,70.51
20-Apr-18,70.37
19-Apr-18,70.96
18-Apr-18,69.39
17-Apr-18,68.36
16-Apr-18,68.41
13-Apr-18,69.29
12-Apr-18,68.74
11-Apr-18,68.29
10-Apr-18,66.95
9-Apr-18,65.08
6-Apr-18,64.81
5-Apr-18,65.17
4-Apr-18,64.48
3-Apr-18,64.97
2-Apr-18,66.08
29-Mar-18,65.87
28-Mar-18,66.06
27-Mar-18,66.81
26-Mar-18,66.81
23-Mar-18,66.4
22-Mar-18,66.19
21-Mar-18,65.39
20-Mar-18,64.11
19-Mar-18,63.31
16-Mar-18,62.74
15-Mar-18,62.24
14-Mar-18,61.97
13-Mar-18,62.15
12-Mar-18,62.53
9-Mar-18,61.95
8-Mar-18,61.85
7-Mar-18,62.68
6-Mar-18,63.24
5-Mar-18,62.87
2-Mar-18,61.57
1-Mar-18,62.17
28-Feb-18,63.97
27-Feb-18,64.99
26-Feb-18,65.18
23-Feb-18,64.15
22-Feb-18,63.08
21-Feb-18,62.5
20-Feb-18,62.81
19-Feb-18,62.89
16-Feb-18,62.41
15-Feb-18,62.09
14-Feb-18,60.62
13-Feb-18,60.52
12-Feb-18,61.04
9-Feb-18,61.57
8-Feb-18,62.74
7-Feb-18,64.36
6-Feb-18,64.89
5-Feb-18,65.75
2-Feb-18,67.11
1-Feb-18,66.88
31-Jan-18,66.28
30-Jan-18,66.6
29-Jan-18,67.6
26-Jan-18,67.94
25-Jan-18,68.46
24-Jan-18,67.61
23-Jan-18,67.32
22-Jan-18,66.89
19-Jan-18,66.48
18-Jan-18,67.2
17-Jan-18,67.07
16-Jan-18,67.54
15-Jan-18,67.78
12-Jan-18,67.17
11-Jan-18,67.38
10-Jan-18,67.24
9-Jan-18,66.39
8-Jan-18,65.85
5-Jan-18,65.86
4-Jan-18,66.13
3-Jan-18,65.13
2-Jan-18,64.84
29-Dec-17,64.47
28-Dec-17,64.17
27-Dec-17,64.24
26-Dec-17,63.07
22-Dec-17,62.66
21-Dec-17,62.66
20-Dec-17,62.16
19-Dec-17,61.72
18-Dec-17,61.64
15-Dec-17,61.48
14-Dec-17,60.87
13-Dec-17,61.5
12-Dec-17,62.75
11-Dec-17,61.94
8-Dec-17,61.03
7-Dec-17,60.12
6-Dec-17,60.73
5-Dec-17,60.87
4-Dec-17,61.45
1-Dec-17,61.71
30-Nov-17,61.06
29-Nov-17,61.14
28-Nov-17,61.31
27-Nov-17,61.51
24-Nov-17,61.64
23-Nov-17,61.14
22-Nov-17,61.09
21-Nov-17,60.49
20-Nov-17,60.33
17-Nov-17,59.9
16-Nov-17,59.98
15-Nov-17,59.79
14-Nov-17,60.52
13-Nov-17,61.27
10-Nov-17,61.91
9-Nov-17,61.7
8-Nov-17,61.61
7-Nov-17,62.07
6-Nov-17,61.02
3-Nov-17,59.12
2-Nov-17,58.45
1-Nov-17,59.21
31-Oct-17,58.53
30-Oct-17,58.27
27-Oct-17,57.55
26-Oct-17,56.45
25-Oct-17,56.33
24-Oct-17,55.59
23-Oct-17,55.77
20-Oct-17,55.41
19-Oct-17,55.52
18-Oct-17,56.12
17-Oct-17,55.83
16-Oct-17,55.74
13-Oct-17,55.12
12-Oct-17,54.44
11-Oct-17,54.54
10-Oct-17,54.23
9-Oct-17,53.7
6-Oct-17,54.47
5-Oct-17,54.62
4-Oct-17,53.93
3-Oct-17,54.28
2-Oct-17,54.6
29-Sep-17,55.2
28-Sep-17,55.59
27-Sep-17,56.07
26-Sep-17,56.43
25-Sep-17,55.62
22-Sep-17,54.84
21-Sep-17,54.59
20-Sep-17,54.06
19-Sep-17,53.81
18-Sep-17,53.78
15-Sep-17,53.64
14-Sep-17,53.63
13-Sep-17,52.92
12-Sep-17,52.08
11-Sep-17,51.82
8-Sep-17,52.53
7-Sep-17,52.48
6-Sep-17,52.04
5-Sep-17,50.99
4-Sep-17,50.36
1-Sep-17,49.68
31-Aug-17,49.36
30-Aug-17,49.41
29-Aug-17,49.51
28-Aug-17,49.86
25-Aug-17,49.93
24-Aug-17,49.76
23-Aug-17,49.49
22-Aug-17,49.5
21-Aug-17,49.8
18-Aug-17,48.86
17-Aug-17,48.07
16-Aug-17,48.69
15-Aug-17,48.45
14-Aug-17,49.46
11-Aug-17,49.37
10-Aug-17,50.7
9-Aug-17,50.48
8-Aug-17,50.5
7-Aug-17,50.06
4-Aug-17,49.96
3-Aug-17,50.26
2-Aug-17,49.75
1-Aug-17,49.61
31-Jul-17,49.97
28-Jul-17,49.46
27-Jul-17,48.88
26-Jul-17,48.51
25-Jul-17,47.11
24-Jul-17,46.01
21-Jul-17,46.99
20-Jul-17,47.48
19-Jul-17,46.85
18-Jul-17,46.45
17-Jul-17,46.8
14-Jul-17,46.4
13-Jul-17,45.66
12-Jul-17,46.02
11-Jul-17,44.79
10-Jul-17,44.77
7-Jul-17,45.11
6-Jul-17,46.52
5-Jul-17,47.04
4-Jul-17,47.57
3-Jul-17,47.17
30-Jun-17,45.63
29-Jun-17,45.36
28-Jun-17,44.48
27-Jun-17,44.23
26-Jun-17,43.14
23-Jun-17,43.02
22-Jun-17,42.58
21-Jun-17,43.14
20-Jun-17,43.9
19-Jun-17,44.46
16-Jun-17,44.58
15-Jun-17,44.38
14-Jun-17,45.16
13-Jun-17,46.01
12-Jun-17,45.94
9-Jun-17,45.49
8-Jun-17,45.78
7-Jun-17,46.78
6-Jun-17,46.98
5-Jun-17,47.37
2-Jun-17,47.33
1-Jun-17,48.85
31-May-17,48.69
30-May-17,49.39
29-May-17,49.67
26-May-17,49.48
25-May-17,51.24
24-May-17,51.96
23-May-17,51.34
22-May-17,51.54
19-May-17,50.91
18-May-17,49.91
17-May-17,49.48
16-May-17,49.75
15-May-17,49.77
12-May-17,48.31
11-May-17,48.41
10-May-17,47.35
9-May-17,46.88
8-May-17,46.91
5-May-17,46.6
4-May-17,47.49
3-May-17,48.38
2-May-17,49.02
1-May-17,49.19
28-Apr-17,49.33
27-Apr-17,48.9
26-Apr-17,49.65
25-Apr-17,49.22
24-Apr-17,49.66
21-Apr-17,50.01
20-Apr-17,50.49
19-Apr-17,51.9
18-Apr-17,52.3
17-Apr-17,52.96
13-Apr-17,53.38
12-Apr-17,53.69
11-Apr-17,53.37
10-Apr-17,53.14
7-Apr-17,52.92
6-Apr-17,51.84
5-Apr-17,51.96
4-Apr-17,50.6
3-Apr-17,50.69
31-Mar-17,50.43
30-Mar-17,50.2
29-Mar-17,49.54
28-Mar-17,48.84
27-Mar-17,48.25
24-Mar-17,48.26
23-Mar-17,48.35
22-Mar-17,48.28
21-Mar-17,49.23
20-Mar-17,49.18
17-Mar-17,49.36
16-Mar-17,49.7
15-Mar-17,49.17
14-Mar-17,48.63
13-Mar-17,49
10-Mar-17,49.81
9-Mar-17,50.82
8-Mar-17,52.69
7-Mar-17,53.54
6-Mar-17,53.13
3-Mar-17,53.01
2-Mar-17,53.74
1-Mar-17,54.15
28-Feb-17,53.4
27-Feb-17,53.85
24-Feb-17,53.61
23-Feb-17,53.95
22-Feb-17,53.48
21-Feb-17,53.88
20-Feb-17,53.49
17-Feb-17,53.11
16-Feb-17,53.14
15-Feb-17,53.1
14-Feb-17,53.31
13-Feb-17,53.47
10-Feb-17,53.23
9-Feb-17,52.76
8-Feb-17,52.13
7-Feb-17,52.78
6-Feb-17,53.77
3-Feb-17,54.24
2-Feb-17,53.93
1-Feb-17,52.76
31-Jan-17,52.19
30-Jan-17,52.78
27-Jan-17,52.88
26-Jan-17,52.91
25-Jan-17,52.14
24-Jan-17,52.51
23-Jan-17,52.1
20-Jan-17,51.8
19-Jan-17,51.45
18-Jan-17,52.22
17-Jan-17,52.6
16-Jan-17,52.17
13-Jan-17,52.64
12-Jan-17,52.3
11-Jan-17,50.98
10-Jan-17,51.46
9-Jan-17,52.85
6-Jan-17,53.5
5-Jan-17,53.02
4-Jan-17,52.71
3-Jan-17,53.13
30-Dec-16,53.3
29-Dec-16,53.46
28-Dec-16,53.39
27-Dec-16,52.25
23-Dec-16,51.74
22-Dec-16,51.73
21-Dec-16,52.25
20-Dec-16,51.99
19-Dec-16,52.18
16-Dec-16,51.29
15-Dec-16,50.96
14-Dec-16,51.83
13-Dec-16,52.39
12-Dec-16,53.24
9-Dec-16,50.95
8-Dec-16,50.04
7-Dec-16,50.22
6-Dec-16,50.98
5-Dec-16,51.25
2-Dec-16,50.42
1-Dec-16,49.28
30-Nov-16,44.8
29-Nov-16,43.87
28-Nov-16,43.84
25-Nov-16,44.88
24-Nov-16,45.22
23-Nov-16,45.37
22-Nov-16,45.25
21-Nov-16,44.34
18-Nov-16,42.33
17-Nov-16,42.83
16-Nov-16,42.9
15-Nov-16,41.84
14-Nov-16,40.94
11-Nov-16,41.54
10-Nov-16,42.67
9-Nov-16,41.9
8-Nov-16,42.22
7-Nov-16,41.98
4-Nov-16,41.85
3-Nov-16,42.62
2-Nov-16,43.1
1-Nov-16,44.51
31-Oct-16,45.83
28-Oct-16,47.04
27-Oct-16,47.23
26-Oct-16,46.96
25-Oct-16,47.83
24-Oct-16,48.15
21-Oct-16,48.08
20-Oct-16,48.51
19-Oct-16,49.06
18-Oct-16,48.24
17-Oct-16,48.22
14-Oct-16,48.63
13-Oct-16,48.07
12-Oct-16,48.68
11-Oct-16,48.81
10-Oct-16,48.31
7-Oct-16,48.59
6-Oct-16,47.86
5-Oct-16,47.75
4-Oct-16,46.72
3-Oct-16,46.65
30-Sep-16,44.63
29-Sep-16,44.34
28-Sep-16,42.21
27-Sep-16,42.3
26-Sep-16,42.16
23-Sep-16,42.89
22-Sep-16,43.27
21-Sep-16,42.54
20-Sep-16,41.55
19-Sep-16,42.09
16-Sep-16,41.74
15-Sep-16,41.67
14-Sep-16,42.56
13-Sep-16,42.91
12-Sep-16,44.53
9-Sep-16,44.55
8-Sep-16,44.61
7-Sep-16,43.18
6-Sep-16,42.75
5-Sep-16,43.54
2-Sep-16,41.47
1-Sep-16,42
31-Aug-16,43.91
30-Aug-16,45.25
29-Aug-16,45.44
26-Aug-16,45.75
25-Aug-16,45.28
24-Aug-16,45.25
23-Aug-16,45.34
22-Aug-16,46.04
19-Aug-16,46.82
18-Aug-16,46.5
17-Aug-16,45.34
16-Aug-16,45.03
15-Aug-16,43.92
12-Aug-16,42.6
11-Aug-16,40.62
10-Aug-16,40.57
9-Aug-16,41.08
8-Aug-16,41.1
5-Aug-16,40.08
4-Aug-16,39.6
3-Aug-16,38.43
2-Aug-16,38.29
1-Aug-16,39.1
29-Jul-16,38.97
28-Jul-16,39.79
27-Jul-16,40.49
26-Jul-16,40.62
25-Jul-16,41.35
22-Jul-16,41.71
21-Jul-16,42.93
20-Jul-16,42.73
19-Jul-16,42.66
18-Jul-16,43.36
15-Jul-16,43.24
14-Jul-16,42.88
13-Jul-16,43.19
12-Jul-16,43.22
11-Jul-16,42.21
8-Jul-16,42.59
7-Jul-16,44.19
6-Jul-16,44.35
5-Jul-16,44.34
4-Jul-16,46.08
1-Jul-16,45.42
30-Jun-16,46.27
29-Jun-16,45.82
28-Jun-16,44.46
27-Jun-16,44.32
24-Jun-16,44.88
23-Jun-16,46.16
22-Jun-16,46.46
21-Jun-16,46.02
20-Jun-16,46.24
17-Jun-16,44.18
16-Jun-16,44.03
15-Jun-16,45.36
14-Jun-16,45.64
13-Jun-16,46.25
10-Jun-16,47.05
9-Jun-16,48.02
8-Jun-16,47.76
7-Jun-16,46.63
6-Jun-16,46.1
3-Jun-16,45.82
2-Jun-16,45.67
1-Jun-16,45.28
31-May-16,45.15
30-May-16,44.8
27-May-16,44.76
26-May-16,45.43
25-May-16,44.97
24-May-16,44.02
23-May-16,44.07
20-May-16,44.77
19-May-16,43.84
18-May-16,44.88
17-May-16,44.82
16-May-16,44.37
13-May-16,43.3
12-May-16,43.33
11-May-16,41.43
10-May-16,40.23
9-May-16,40.77
6-May-16,40.57
5-May-16,41.16
4-May-16,40.45
3-May-16,41.03
2-May-16,42.48
29-Apr-16,42.7
28-Apr-16,42.02
27-Apr-16,41.38
26-Apr-16,39.88
25-Apr-16,39.4
22-Apr-16,39.78
21-Apr-16,40.09
20-Apr-16,38.46
19-Apr-16,38.27
18-Apr-16,36.58
15-Apr-16,38.05
14-Apr-16,38.58
13-Apr-16,38.91
12-Apr-16,38.62
11-Apr-16,37.02
8-Apr-16,36.01
7-Apr-16,34.71
6-Apr-16,33.93
5-Apr-16,32.71
4-Apr-16,33.4
1-Apr-16,34.54
31-Mar-16,34.33
30-Mar-16,34.91
29-Mar-16,34.5
28-Mar-16,35.48
25-Mar-16,34.96
24-Mar-16,34.96
23-Mar-16,36.19
22-Mar-16,36.67
21-Mar-16,36.27
18-Mar-16,36.59
17-Mar-16,36.36
16-Mar-16,34.5
15-Mar-16,33.69
14-Mar-16,34.74
11-Mar-16,35.62
10-Mar-16,35.23
9-Mar-16,35.05
8-Mar-16,35.07
7-Mar-16,34.43
4-Mar-16,32.42
3-Mar-16,31.68
2-Mar-16,31.72
1-Mar-16,31.65
29-Feb-16,30.13
26-Feb-16,30.74
25-Feb-16,29.19
24-Feb-16,28.3
23-Feb-16,28.94
22-Feb-16,29.48
19-Feb-16,29.17
18-Feb-16,29.96
17-Feb-16,28.18
16-Feb-16,29.35
15-Feb-16,28.44
12-Feb-16,26.74
11-Feb-16,25.21
10-Feb-16,25.93
9-Feb-16,28.33
8-Feb-16,29
5-Feb-16,29.3
4-Feb-16,29.93
3-Feb-16,28.65
2-Feb-16,28.4
1-Feb-16,29.73
29-Jan-16,29.11
28-Jan-16,28.28
27-Jan-16,26.4
26-Jan-16,25.11
25-Jan-16,25.58
22-Jan-16,25.5
21-Jan-16,22.89
20-Jan-16,22.48
19-Jan-16,23.85
18-Jan-16,23.58
15-Jan-16,24.74
14-Jan-16,25
13-Jan-16,25.69
12-Jan-16,25.76
11-Jan-16,27.07
8-Jan-16,28.47
7-Jan-16,27.85
6-Jan-16,29.71
5-Jan-16,31.21
4-Jan-16,31.79
31-Dec-15,31.27
30-Dec-15,31.42
29-Dec-15,31.55
28-Dec-15,31.71
24-Dec-15,32.17
23-Dec-15,31.25
22-Dec-15,31.15
21-Dec-15,30.74
18-Dec-15,31.63
17-Dec-15,31.49
16-Dec-15,32.28
15-Dec-15,32.56
14-Dec-15,32.55
11-Dec-15,33.71
10-Dec-15,34.64
9-Dec-15,34.74
8-Dec-15,35.25
7-Dec-15,36.4
4-Dec-15,38.03
3-Dec-15,37.84
2-Dec-15,38.4
1-Dec-15,39.25
30-Nov-15,38.93
27-Nov-15,39.08
26-Nov-15,39.65
25-Nov-15,39.81
24-Nov-15,39.59
23-Nov-15,38.35
20-Nov-15,38.37
19-Nov-15,38.52
18-Nov-15,38.04
17-Nov-15,38.29
16-Nov-15,38.18
13-Nov-15,39.21
12-Nov-15,40.21
11-Nov-15,41.53
10-Nov-15,42.26
9-Nov-15,42.13
6-Nov-15,42.72
5-Nov-15,43.28
4-Nov-15,44.43
3-Nov-15,43.89
2-Nov-15,43.95
30-Oct-15,43.66
29-Oct-15,44.34
28-Oct-15,43.2
27-Oct-15,42.4
26-Oct-15,43.13
23-Oct-15,43.45
22-Oct-15,43.44
21-Oct-15,43.67
20-Oct-15,43.87
19-Oct-15,44.92
16-Oct-15,45.71
15-Oct-15,45.05
14-Oct-15,45.21
13-Oct-15,46
12-Oct-15,47.97
9-Oct-15,48.79
8-Oct-15,48.1
7-Oct-15,48.24
6-Oct-15,46.08
5-Oct-15,44.95
2-Oct-15,43.82
1-Oct-15,44.48
30-Sep-15,43.58
29-Sep-15,43.51
28-Sep-15,43.54
25-Sep-15,43.76
24-Sep-15,44.48
23-Sep-15,44.69
22-Sep-15,43.84
21-Sep-15,43.81
18-Sep-15,44.34
17-Sep-15,45.1
16-Sep-15,44.57
15-Sep-15,43.13
14-Sep-15,43.85
11-Sep-15,44.64
10-Sep-15,44.83
9-Sep-15,45.96
8-Sep-15,45.38
7-Sep-15,45.59
4-Sep-15,46.83
3-Sep-15,47.4
2-Sep-15,45.56
1-Sep-15,47.8
31-Aug-15,47.01
28-Aug-15,45.19
27-Aug-15,42.37
26-Aug-15,40.51
25-Aug-15,40.47
24-Aug-15,40.67
21-Aug-15,43
20-Aug-15,44.13
19-Aug-15,45.39
18-Aug-15,45.77
17-Aug-15,45.96
14-Aug-15,46.62
13-Aug-15,47.29
12-Aug-15,47.09
11-Aug-15,47.66
10-Aug-15,47.32
7-Aug-15,46.95
6-Aug-15,47.09
5-Aug-15,47.89
4-Aug-15,47.9
3-Aug-15,48.4
31-Jul-15,50.51
30-Jul-15,51.46
29-Jul-15,50.83
28-Jul-15,50.55
27-Jul-15,51.3
24-Jul-15,52.08
23-Jul-15,53.04
22-Jul-15,53.45
21-Jul-15,53.57
20-Jul-15,53.79
17-Jul-15,53.99
16-Jul-15,54.23
15-Jul-15,54.94
14-Jul-15,54.55
13-Jul-15,55.23
10-Jul-15,55.99
9-Jul-15,55.54
8-Jul-15,53.78
7-Jul-15,54.25
6-Jul-15,55.79
3-Jul-15,58.35
2-Jul-15,59.31
1-Jul-15,59.81
30-Jun-15,58.79
29-Jun-15,58.24
26-Jun-15,59.14
25-Jun-15,59.58
24-Jun-15,60.68
23-Jun-15,59.96
22-Jun-15,59.36
19-Jun-15,59.98
18-Jun-15,60.56
17-Jun-15,60.27
16-Jun-15,60.08
15-Jun-15,60.17
12-Jun-15,61.17
11-Jun-15,62.14
10-Jun-15,62.41
9-Jun-15,60.27
8-Jun-15,59.42
5-Jun-15,58.61
4-Jun-15,59.61
3-Jun-15,61.49
2-Jun-15,62.26
1-Jun-15,60.46
29-May-15,60.47
28-May-15,59.33
27-May-15,60.43
26-May-15,60.73
25-May-15,61.18
22-May-15,62.03
21-May-15,61.86
20-May-15,60.91
19-May-15,61.11
18-May-15,62.98
15-May-15,62.74
14-May-15,63.13
13-May-15,63.77
12-May-15,62.49
11-May-15,62.03
8-May-15,62.44
7-May-15,63.98
6-May-15,64.96
5-May-15,63.62
4-May-15,62.85
1-May-15,62.23
30-Apr-15,62.21
29-Apr-15,60.92
28-Apr-15,60.41
27-Apr-15,61.06
24-Apr-15,60.95
23-Apr-15,59.14
22-Apr-15,58.09
21-Apr-15,58.84
20-Apr-15,59.5
17-Apr-15,59.52
16-Apr-15,58.88
15-Apr-15,57.01
14-Apr-15,55.91
13-Apr-15,55.86
10-Apr-15,54.04
9-Apr-15,53.52
8-Apr-15,54.28
7-Apr-15,54.61
6-Apr-15,53.2
3-Apr-15,53.1
2-Apr-15,52.93
1-Apr-15,52.48
31-Mar-15,51.06
30-Mar-15,51.45
27-Mar-15,52.93
26-Mar-15,54.55
25-Mar-15,50.83
24-Mar-15,50.92
23-Mar-15,50.3
20-Mar-15,49.93
19-Mar-15,50.17
18-Mar-15,49.17
17-Mar-15,48.76
16-Mar-15,49.46
13-Mar-15,51.66
12-Mar-15,53.16
11-Mar-15,52.25
10-Mar-15,53.03
9-Mar-15,54.53
6-Mar-15,55.63
5-Mar-15,55.77
4-Mar-15,55.82
3-Mar-15,55.94
2-Mar-15,56.74
27-Feb-15,56.83
26-Feb-15,56.07
25-Feb-15,53.81
24-Feb-15,53.54
23-Feb-15,54.09
20-Feb-15,56.55
19-Feb-15,56.29
18-Feb-15,56.83
17-Feb-15,56.69
16-Feb-15,56.43
13-Feb-15,55.97
12-Feb-15,52.86
11-Feb-15,52.21
10-Feb-15,53.14
9-Feb-15,53.58
6-Feb-15,53.36
5-Feb-15,50.81
4-Feb-15,52.22
3-Feb-15,51.77
2-Feb-15,48.19
30-Jan-15,44.83
29-Jan-15,43.88
28-Jan-15,44.08
27-Jan-15,43.24
26-Jan-15,42.9
23-Jan-15,43.69
22-Jan-15,43.05
21-Jan-15,43.25
20-Jan-15,43.04
19-Jan-15,43.87
16-Jan-15,43.4
15-Jan-15,43.14
14-Jan-15,41.65
13-Jan-15,41.5
12-Jan-15,43.55
9-Jan-15,45.19
8-Jan-15,45.68
7-Jan-15,44.79
6-Jan-15,46.57
5-Jan-15,48.87
2-Jan-15,51.78
31-Dec-14,52
30-Dec-14,52.39
29-Dec-14,54.44
26-Dec-14,56.14
24-Dec-14,56.03
23-Dec-14,55.59
22-Dec-14,56.9
19-Dec-14,55.52
18-Dec-14,56.3
17-Dec-14,55.64
16-Dec-14,55.91
15-Dec-14,57.92
12-Dec-14,58.65
11-Dec-14,60.5
10-Dec-14,61.35
9-Dec-14,62.33
8-Dec-14,63.78
5-Dec-14,65.32
4-Dec-14,66.27
3-Dec-14,67.31
2-Dec-14,68.13
1-Dec-14,66.44
28-Nov-14,68.89
27-Nov-14,70.8
26-Nov-14,73.7
25-Nov-14,74.28
24-Nov-14,75.7
21-Nov-14,75.42
20-Nov-14,74.03
19-Nov-14,74.05
18-Nov-14,74.36
17-Nov-14,73.9
14-Nov-14,73.47
13-Nov-14,75.15
12-Nov-14,76.96
11-Nov-14,77.27
10-Nov-14,78.98
7-Nov-14,78.67
6-Nov-14,78.27
5-Nov-14,78.11
4-Nov-14,78.67
3-Nov-14,80.64
31-Oct-14,81.97
30-Oct-14,82.79
29-Oct-14,83.24
28-Oct-14,82.44
27-Oct-14,82.37
24-Oct-14,82.48
23-Oct-14,81.67
22-Oct-14,81.94
21-Oct-14,82.09
20-Oct-14,82.37
17-Oct-14,83.19
16-Oct-14,81.17
15-Oct-14,81.89
14-Oct-14,85.14
13-Oct-14,85.93
10-Oct-14,86.43
9-Oct-14,88.27
8-Oct-14,88.32
7-Oct-14,89.37
6-Oct-14,90.4
3-Oct-14,90.33
2-Oct-14,90.4
1-Oct-14,92.19
30-Sep-14,94.17
29-Sep-14,94.54
26-Sep-14,94.13
25-Sep-14,94.25
24-Sep-14,94.18
23-Sep-14,94.31
22-Sep-14,94.37
19-Sep-14,94.44
18-Sep-14,95.19
17-Sep-14,95.84
16-Sep-14,95.3
15-Sep-14,94.68
12-Sep-14,95.68
11-Sep-14,95.35
10-Sep-14,95.93
9-Sep-14,96.99
8-Sep-14,97
5-Sep-14,98.38
4-Sep-14,99.15
3-Sep-14,98.66
2-Sep-14,98.95
1-Sep-14,100.1
29-Aug-14,99.99
28-Aug-14,99.97
27-Aug-14,100.06
26-Aug-14,99.82
25-Aug-14,99.09
22-Aug-14,99.19
21-Aug-14,99.03
20-Aug-14,99.52
19-Aug-14,98.93
18-Aug-14,99.42
15-Aug-14,99.94
14-Aug-14,100.99
13-Aug-14,100.88
12-Aug-14,101.66
11-Aug-14,102.29
8-Aug-14,103.1
7-Aug-14,102.22
6-Aug-14,102.05
5-Aug-14,102.23
4-Aug-14,102.58
1-Aug-14,102.89
31-Jul-14,103.6
30-Jul-14,105.21
29-Jul-14,105.44
28-Jul-14,105.11
25-Jul-14,105.31
24-Jul-14,105.22
23-Jul-14,105.3
22-Jul-14,105.74
21-Jul-14,105.07
18-Jul-14,105.54
17-Jul-14,105.04
16-Jul-14,104.44
15-Jul-14,103.65
14-Jul-14,104.12
11-Jul-14,104.87
10-Jul-14,105.16
9-Jul-14,105.49
8-Jul-14,106.25
7-Jul-14,106.89
4-Jul-14,107.34
3-Jul-14,107.17
2-Jul-14,108.35
1-Jul-14,108.68
30-Jun-14,108.59
27-Jun-14,109.17
26-Jun-14,109.38
25-Jun-14,109.63
24-Jun-14,109.62
23-Jun-14,110.3
20-Jun-14,110.48
19-Jun-14,110.26
18-Jun-14,109.6
17-Jun-14,108.81
16-Jun-14,109.09
13-Jun-14,109.31
12-Jun-14,107.46
11-Jun-14,106.02
10-Jun-14,105.89
9-Jun-14,105.72
6-Jun-14,105.38
5-Jun-14,104.73
4-Jun-14,105.56
3-Jun-14,105.14
2-Jun-14,105.6
30-May-14,105.91
29-May-14,106.45
28-May-14,106.35
27-May-14,106.79
26-May-14,106.73
23-May-14,106.92
22-May-14,107
21-May-14,106.82
20-May-14,106.18
19-May-14,106.43
16-May-14,105.95
15-May-14,105.66
14-May-14,105.62
13-May-14,104.5
12-May-14,104.21
9-May-14,104.46
8-May-14,103.94
7-May-14,103.68
6-May-14,103.69
5-May-14,104.35
2-May-14,104.25
1-May-14,103.77
30-Apr-14,103.95
29-Apr-14,104.95
28-Apr-14,105.43
25-Apr-14,105.37
24-Apr-14,105.2
23-Apr-14,104.99
22-Apr-14,105.19
21-Apr-14,105.34
17-Apr-14,105.53
16-Apr-14,106.06
15-Apr-14,105.21
14-Apr-14,104.81
11-Apr-14,104.07
10-Apr-14,104.33
9-Apr-14,104.22
8-Apr-14,103.16
7-Apr-14,102.16
4-Apr-14,103.12
3-Apr-14,101.57
2-Apr-14,101.72
1-Apr-14,103.25
31-Mar-14,104.08
28-Mar-14,104.27
27-Mar-14,103.79
26-Mar-14,103.62
25-Mar-14,103.39
24-Mar-14,103.13
21-Mar-14,103.3
20-Mar-14,102.37
19-Mar-14,103.16
18-Mar-14,103.29
17-Mar-14,103.85
14-Mar-14,103.83
13-Mar-14,103.71
12-Mar-14,103.75
11-Mar-14,104.38
10-Mar-14,104.48
7-Mar-14,104.98
6-Mar-14,104.37
5-Mar-14,105.24
4-Mar-14,106.3
3-Mar-14,107.8
28-Feb-14,105.92
27-Feb-14,106.1
26-Feb-14,106.49
25-Feb-14,106.55
24-Feb-14,106.7
21-Feb-14,106.68
20-Feb-14,106.79
19-Feb-14,107.15
18-Feb-14,106.53
17-Feb-14,106.11
14-Feb-14,105.58
13-Feb-14,105.27
12-Feb-14,105.46
11-Feb-14,105.3
10-Feb-14,105.52
7-Feb-14,104.41
6-Feb-14,103.34
5-Feb-14,102.63
4-Feb-14,102.55
3-Feb-14,102.55
31-Jan-14,104.45
30-Jan-14,105.09
29-Jan-14,104.57
28-Jan-14,104.67
27-Jan-14,104.62
24-Jan-14,105.04
23-Jan-14,106.11
22-Jan-14,105.62
21-Jan-14,105.26
20-Jan-14,104.17
17-Jan-14,103.98
16-Jan-14,104.39
15-Jan-14,104.28
14-Jan-14,103.92
13-Jan-14,103.93
10-Jan-14,104.09
9-Jan-14,104.28
8-Jan-14,104.43
7-Jan-14,104.51
6-Jan-14,104.33
3-Jan-14,104.99
2-Jan-14,106.85
31-Dec-13,107.94
30-Dec-13,108.57
27-Dec-13,109.35
24-Dec-13,108.76
23-Dec-13,108.73
20-Dec-13,108.15
19-Dec-13,107.49
18-Dec-13,106.74
17-Dec-13,106.57
16-Dec-13,106.92
13-Dec-13,105.95
12-Dec-13,106.96
11-Dec-13,106.81
10-Dec-13,106.83
9-Dec-13,107.72
6-Dec-13,108
5-Dec-13,108.22
4-Dec-13,108.92
3-Dec-13,108.08
2-Dec-13,106.74
29-Nov-13,107.07
28-Nov-13,107.34
27-Nov-13,107.14
26-Nov-13,107.36
25-Nov-13,106.07
22-Nov-13,106.73
21-Nov-13,105.4
20-Nov-13,104.58
19-Nov-13,105.02
18-Nov-13,105.04
15-Nov-13,105.24
14-Nov-13,104.67
13-Nov-13,103.52
12-Nov-13,103.6
11-Nov-13,103.39
8-Nov-13,102.12
7-Nov-13,102.64
6-Nov-13,103.82
5-Nov-13,103.83
4-Nov-13,104.22
1-Nov-13,105.53
31-Oct-13,106.75
30-Oct-13,106.31
29-Oct-13,106.36
28-Oct-13,105.75
25-Oct-13,104.97
24-Oct-13,105.57
23-Oct-13,106.34
22-Oct-13,106.77
21-Oct-13,106.76
18-Oct-13,106.54
17-Oct-13,107.02
16-Oct-13,107.19
15-Oct-13,107.64
14-Oct-13,108
11-Oct-13,108.15
10-Oct-13,107.69
9-Oct-13,106.94
8-Oct-13,107.36
7-Oct-13,106.45
4-Oct-13,106.94
3-Oct-13,106.79
2-Oct-13,106.08
1-Oct-13,105.42
30-Sep-13,105.61
27-Sep-13,106.47
26-Sep-13,106.34
25-Sep-13,106.53
24-Sep-13,105.8
23-Sep-13,106.52
20-Sep-13,107.34
19-Sep-13,108.4
18-Sep-13,107.26
17-Sep-13,107.64
16-Sep-13,109.04
13-Sep-13,109.87
12-Sep-13,109.83
11-Sep-13,109.4
10-Sep-13,109.26
9-Sep-13,111.39
6-Sep-13,112.1
5-Sep-13,111.47
4-Sep-13,111.55
3-Sep-13,111.2
2-Sep-13,110.32
30-Aug-13,111.55
29-Aug-13,112.8
28-Aug-13,112.25
27-Aug-13,109.28
26-Aug-13,108.36
23-Aug-13,108.25
22-Aug-13,107.58
21-Aug-13,106.95
20-Aug-13,107.06
19-Aug-13,107.83
16-Aug-13,107.8
15-Aug-13,107.96
14-Aug-13,106.69
13-Aug-13,106.75
12-Aug-13,105.27
9-Aug-13,104.94
8-Aug-13,104.47
7-Aug-13,104.89
6-Aug-13,105.56
5-Aug-13,106.43
2-Aug-13,106.65
1-Aug-13,106.1
31-Jul-13,104.97
30-Jul-13,104.92
29-Jul-13,105.21
26-Jul-13,105.1
25-Jul-13,105.28
24-Jul-13,105.44
23-Jul-13,105.95
22-Jul-13,106.14
19-Jul-13,106.4
18-Jul-13,106.11
17-Jul-13,105.28
16-Jul-13,105.39
15-Jul-13,105.31
12-Jul-13,104.82
11-Jul-13,104.81
10-Jul-13,104.69
9-Jul-13,104.06
8-Jul-13,103.96
5-Jul-13,103.2
4-Jul-13,102.39
3-Jul-13,102.24
2-Jul-13,100.63
1-Jul-13,100.1
28-Jun-13,100.78
27-Jun-13,100.37
26-Jun-13,99.39
25-Jun-13,99.79
24-Jun-13,98.33
21-Jun-13,99.82
20-Jun-13,101.4
19-Jun-13,103.78
18-Jun-13,103.1
17-Jun-13,103.85
14-Jun-13,103.33
13-Jun-13,101.26
12-Jun-13,100.89
11-Jun-13,100.72
10-Jun-13,101.38
7-Jun-13,101.64
6-Jun-13,100.93
5-Jun-13,101.09
4-Jun-13,99.87
3-Jun-13,98.88
31-May-13,98.78
30-May-13,99.77
29-May-13,100.54
28-May-13,101.11
27-May-13,99.56
24-May-13,99.15
23-May-13,99.03
22-May-13,100.36
21-May-13,101.39
20-May-13,101.95
17-May-13,101.45
16-May-13,100.85
15-May-13,99.66
14-May-13,100.29
13-May-13,100.47
10-May-13,101.07
9-May-13,101.67
8-May-13,102.11
7-May-13,102.75
6-May-13,102.61
3-May-13,101.47
2-May-13,98.97
1-May-13,99.97
30-Apr-13,100.65
29-Apr-13,100.91
26-Apr-13,100.7
25-Apr-13,99.89
24-Apr-13,98.96
23-Apr-13,97.52
22-Apr-13,97.75
19-Apr-13,97.4
18-Apr-13,96.35
17-Apr-13,96.71
16-Apr-13,97.15
15-Apr-13,98.56
12-Apr-13,100.63
11-Apr-13,102.44
10-Apr-13,103.26
9-Apr-13,102.72
8-Apr-13,102.35
5-Apr-13,103.1
4-Apr-13,104.21
3-Apr-13,106.8
2-Apr-13,108.16
1-Apr-13,106.97
28-Mar-13,107.23
27-Mar-13,106.79
26-Mar-13,105.86
25-Mar-13,105.48
22-Mar-13,105.13
21-Mar-13,105.69
20-Mar-13,105.85
19-Mar-13,106.52
18-Mar-13,106.36
15-Mar-13,106.62
14-Mar-13,105.88
13-Mar-13,106.05
12-Mar-13,106.51
11-Mar-13,106.96
8-Mar-13,107.06
7-Mar-13,107.31
6-Mar-13,107.64
5-Mar-13,106.99
4-Mar-13,106.12
1-Mar-13,106.79
28-Feb-13,108.62
27-Feb-13,109.69
26-Feb-13,110.1
25-Feb-13,111.2
22-Feb-13,110.94
21-Feb-13,111.27
20-Feb-13,113.28
19-Feb-13,113.62
18-Feb-13,114.18
15-Feb-13,114.23
14-Feb-13,114.67
13-Feb-13,114.94
12-Feb-13,114.3
11-Feb-13,114.36
8-Feb-13,114.44
7-Feb-13,113.67
6-Feb-13,113.1
5-Feb-13,112.68
4-Feb-13,112.99
1-Feb-13,112.62
31-Jan-13,112.3
30-Jan-13,111.43
29-Jan-13,110.52
28-Jan-13,110.15
25-Jan-13,110.2
24-Jan-13,109.88
23-Jan-13,109.71
22-Jan-13,109.48
21-Jan-13,109.32
18-Jan-13,108.92
17-Jan-13,108.01
16-Jan-13,107.75
15-Jan-13,108.35
14-Jan-13,108.06
11-Jan-13,108.2
10-Jan-13,109.3
9-Jan-13,109.01
8-Jan-13,108.72
7-Jan-13,108.15
4-Jan-13,108.68
3-Jan-13,109.15
2-Jan-13,108.96
31-Dec-12,107.76
28-Dec-12,107.87
27-Dec-12,108.03
26-Dec-12,106.92
24-Dec-12,105.91
21-Dec-12,106.63
20-Dec-12,107.2
19-Dec-12,107.1
18-Dec-12,106.38
17-Dec-12,106.07
14-Dec-12,105.77
13-Dec-12,106.01
12-Dec-12,105.83
11-Dec-12,104.8
10-Dec-12,105.01
7-Dec-12,104.75
6-Dec-12,105.64
5-Dec-12,107.2
4-Dec-12,107.66
3-Dec-12,108.44
30-Nov-12,108.59
29-Nov-12,107.46
28-Nov-12,106.99
27-Nov-12,108.07
26-Nov-12,108.48
23-Nov-12,108.08
22-Nov-12,107.94
21-Nov-12,107.88
20-Nov-12,108.33
19-Nov-12,108.76
16-Nov-12,107.04
15-Nov-12,107.23
14-Nov-12,106.21
13-Nov-12,105.97
12-Nov-12,106.59
9-Nov-12,105.21
8-Nov-12,104.58
7-Nov-12,106.87
6-Nov-12,105.79
5-Nov-12,103.42
2-Nov-12,105.06
1-Nov-12,106.26
31-Oct-12,106.16
30-Oct-12,106.12
29-Oct-12,105.97
26-Oct-12,106.37
25-Oct-12,105.83
24-Oct-12,105.68
23-Oct-12,105.94
22-Oct-12,107.13
19-Oct-12,108.99
18-Oct-12,109.77
17-Oct-12,110.24
16-Oct-12,111.09
15-Oct-12,110.7
12-Oct-12,111.06
11-Oct-12,111.35
10-Oct-12,110.94
9-Oct-12,109.46
8-Oct-12,107.94
5-Oct-12,108.77
4-Oct-12,106.99
3-Oct-12,107.08
2-Oct-12,109.32
1-Oct-12,109.29
28-Sep-12,109.68
27-Sep-12,108.21
26-Sep-12,106.84
25-Sep-12,107.99
24-Sep-12,107.47
21-Sep-12,108.15
20-Sep-12,105.88
19-Sep-12,108.43
18-Sep-12,110.95
17-Sep-12,113.72
14-Sep-12,114.87
13-Sep-12,113.47
12-Sep-12,113.36
11-Sep-12,112.68
10-Sep-12,112.32
7-Sep-12,111.55
6-Sep-12,111.75
5-Sep-12,111.2
4-Sep-12,112.85
3-Sep-12,112.11
31-Aug-12,111.17
30-Aug-12,110.66
29-Aug-12,109.9
28-Aug-12,110.22
27-Aug-12,112.04
24-Aug-12,112.12
23-Aug-12,113.56
22-Aug-12,112.2
21-Aug-12,112.28
20-Aug-12,111.49
17-Aug-12,111.56
16-Aug-12,112.11
15-Aug-12,110.65
14-Aug-12,110.1
13-Aug-12,109.67
10-Aug-12,109.1
9-Aug-12,108.39
8-Aug-12,108.36
7-Aug-12,107.58
6-Aug-12,105.67
3-Aug-12,104.46
2-Aug-12,103.07
1-Aug-12,102.54
31-Jul-12,102.22
30-Jul-12,102.94
27-Jul-12,102.92
26-Jul-12,101.47
25-Jul-12,100.21
24-Jul-12,100.51
23-Jul-12,100.07
20-Jul-12,103.7
19-Jul-12,103.71
18-Jul-12,101.73
17-Jul-12,101.29
16-Jul-12,99.93
13-Jul-12,99.1
12-Jul-12,97.32
11-Jul-12,96.74
10-Jul-12,96.33
9-Jul-12,96.83
6-Jul-12,96.84
5-Jul-12,98.34
4-Jul-12,97.3
3-Jul-12,96.44
2-Jul-12,94.07
29-Jun-12,92.99
28-Jun-12,90.92
27-Jun-12,90.91
26-Jun-12,90.13
25-Jun-12,88.92
22-Jun-12,88.74
21-Jun-12,89.48
20-Jun-12,93.08
19-Jun-12,93.73
18-Jun-12,95.03
15-Jun-12,96.02
14-Jun-12,95.22
13-Jun-12,95.56
12-Jun-12,94.99
11-Jun-12,97.34
8-Jun-12,95.87
7-Jun-12,97.7
6-Jun-12,97.89
5-Jun-12,96.19
4-Jun-12,95.48
1-Jun-12,97.44
31-May-12,101.06
30-May-12,102.75
29-May-12,105.13
28-May-12,105.01
25-May-12,104.59
24-May-12,103.49
23-May-12,104.16
22-May-12,106.16
21-May-12,105.93
18-May-12,105.16
17-May-12,107.1
16-May-12,108.14
15-May-12,108.7
14-May-12,108.14
11-May-12,109.24
10-May-12,110.06
9-May-12,109.85
8-May-12,109.58
7-May-12,110.12
4-May-12,112.23
3-May-12,115.31
2-May-12,116.68
1-May-12,117.08
30-Apr-12,117.2
27-Apr-12,117.25
26-Apr-12,117.14
25-Apr-12,116.05
24-Apr-12,115.8
23-Apr-12,115.5
20-Apr-12,116.46
19-Apr-12,116.24
18-Apr-12,115.73
17-Apr-12,116.27
16-Apr-12,116.98
13-Apr-12,119.1
12-Apr-12,118.72
11-Apr-12,117.8
10-Apr-12,119.38
9-Apr-12,120.4
5-Apr-12,121.15
4-Apr-12,121.94
3-Apr-12,122.95
2-Apr-12,121.62
30-Mar-12,120.89
29-Mar-12,121.61
28-Mar-12,122.29
27-Mar-12,123.54
26-Mar-12,123.53
23-Mar-12,122.81
22-Mar-12,121.83
21-Mar-12,122.95
20-Mar-12,123.09
19-Mar-12,124.12
16-Mar-12,122.96
15-Mar-12,123.08
14-Mar-12,124.34
13-Mar-12,124.64
12-Mar-12,123.92
9-Mar-12,124.19
8-Mar-12,124.17
7-Mar-12,121.81
6-Mar-12,122.02
5-Mar-12,122.39
2-Mar-12,123.12
1-Mar-12,122.12
29-Feb-12,120.79
28-Feb-12,122.14
27-Feb-12,123.24
24-Feb-12,122.86
23-Feb-12,121.69
22-Feb-12,120.87
21-Feb-12,119.19
20-Feb-12,119.19
17-Feb-12,118.59
16-Feb-12,118.13
15-Feb-12,117.94
14-Feb-12,116.63
13-Feb-12,117.19
10-Feb-12,116.41
9-Feb-12,116.26
8-Feb-12,115.18
7-Feb-12,114.68
6-Feb-12,113.39
3-Feb-12,111.26
2-Feb-12,110.82
1-Feb-12,110.61
31-Jan-12,111.21
30-Jan-12,111.11
27-Jan-12,111.31
26-Jan-12,111.26
25-Jan-12,110.7
24-Jan-12,111.49
23-Jan-12,111.78
20-Jan-12,111.37
19-Jan-12,111.59
18-Jan-12,111.78
17-Jan-12,112.24
16-Jan-12,111.71
13-Jan-12,111.75
12-Jan-12,112.93
11-Jan-12,112.9
10-Jan-12,112.98
9-Jan-12,112.51
6-Jan-12,112.23
5-Jan-12,113
4-Jan-12,111.73
3-Jan-12,109.4
30-Dec-11,106.84
29-Dec-11,106.75
28-Dec-11,107.52
27-Dec-11,107.77
23-Dec-11,107.65
22-Dec-11,107.49
21-Dec-11,106.98
20-Dec-11,105.05
19-Dec-11,102.91
16-Dec-11,103.57
15-Dec-11,104.6
14-Dec-11,106.88
13-Dec-11,107.65
12-Dec-11,107.33
9-Dec-11,107.45
8-Dec-11,108.98
7-Dec-11,110.05
6-Dec-11,109.49
5-Dec-11,110.3
2-Dec-11,109.61
1-Dec-11,109.36
30-Nov-11,110.38
29-Nov-11,109.74
28-Nov-11,108.75
25-Nov-11,107.73
24-Nov-11,108.1
23-Nov-11,108.32
22-Nov-11,108.34
21-Nov-11,107.74
18-Nov-11,109.12
17-Nov-11,110.82
16-Nov-11,112.26
15-Nov-11,112.19
14-Nov-11,112.69
11-Nov-11,113.01
10-Nov-11,111.67
9-Nov-11,113.13
8-Nov-11,113.79
7-Nov-11,111.08
4-Nov-11,109.96
3-Nov-11,107.95
2-Nov-11,108.65
1-Nov-11,106.35
31-Oct-11,107.12
28-Oct-11,109.15
27-Oct-11,109.09
26-Oct-11,108.83
25-Oct-11,109.47
24-Oct-11,109.11
21-Oct-11,108.31
20-Oct-11,107.19
19-Oct-11,108.65
18-Oct-11,107.94
17-Oct-11,110.13
14-Oct-11,109.01
13-Oct-11,107.05
12-Oct-11,107.68
11-Oct-11,105.61
10-Oct-11,104.67
7-Oct-11,103.22
6-Oct-11,101.63
5-Oct-11,99.9
4-Oct-11,98.59
3-Oct-11,99.71
30-Sep-11,101.57
29-Sep-11,103.11
28-Sep-11,104.34
27-Sep-11,104.53
26-Sep-11,101.81
23-Sep-11,104.37
22-Sep-11,105.11
21-Sep-11,108.99
20-Sep-11,108.29
19-Sep-11,108.68
16-Sep-11,110.69
15-Sep-11,109.58
14-Sep-11,107.91
13-Sep-11,108.42
12-Sep-11,107.86
9-Sep-11,110.4
8-Sep-11,112.15
7-Sep-11,111.33
6-Sep-11,108.32
5-Sep-11,108.42
2-Sep-11,110.37
1-Sep-11,111.21
31-Aug-11,111.4
30-Aug-11,109.48
29-Aug-11,108.36
26-Aug-11,107.52
25-Aug-11,107.61
24-Aug-11,106.53
23-Aug-11,105.91
22-Aug-11,103.84
19-Aug-11,103.36
18-Aug-11,105.42
17-Aug-11,106.88
16-Aug-11,105.42
15-Aug-11,104.78
12-Aug-11,103.81
11-Aug-11,103.29
10-Aug-11,101.2
9-Aug-11,101.53
8-Aug-11,102.37
5-Aug-11,103.3
4-Aug-11,107.48
3-Aug-11,110.55
2-Aug-11,111.85
1-Aug-11,113.57
29-Jul-11,112.18
28-Jul-11,113.36
27-Jul-11,113.4
26-Jul-11,113.65
25-Jul-11,113.33
22-Jul-11,113.66
21-Jul-11,113.2
20-Jul-11,113.54
19-Jul-11,112.68
18-Jul-11,112.31
15-Jul-11,112.2
14-Jul-11,112.74
13-Jul-11,113.25
12-Jul-11,111.07
11-Jul-11,111.35
8-Jul-11,112.68
7-Jul-11,110.76
6-Jul-11,108.26
5-Jul-11,107.12
4-Jul-11,106.87
1-Jul-11,106.45
30-Jun-11,107.5
29-Jun-11,106.19
28-Jun-11,103.59
27-Jun-11,101.55
24-Jun-11,102.91
23-Jun-11,106.08
22-Jun-11,107.96
21-Jun-11,107.82
20-Jun-11,107.41
17-Jun-11,107.51
16-Jun-11,109.55
15-Jun-11,112.62
14-Jun-11,113.59
13-Jun-11,113.33
10-Jun-11,113.45
9-Jun-11,113.43
8-Jun-11,111.93
7-Jun-11,110.66
6-Jun-11,110.09
3-Jun-11,110.44
2-Jun-11,109.91
1-Jun-11,111.44
31-May-11,111.2
30-May-11,109.59
27-May-11,110.27
26-May-11,109.83
25-May-11,107.99
24-May-11,107.3
23-May-11,105.46
20-May-11,107.42
19-May-11,107.88
18-May-11,107.4
17-May-11,106.6
16-May-11,107.79
13-May-11,108.93
12-May-11,107.19
11-May-11,111.35
10-May-11,111.48
9-May-11,108.08
6-May-11,104.4
5-May-11,112.8
4-May-11,116.96
3-May-11,118.75
2-May-11,119.9
29-Apr-11,120.35
28-Apr-11,120.91
27-Apr-11,119.35
26-Apr-11,118.96
25-Apr-11,119.38
21-Apr-11,119.46
20-Apr-11,117.97
19-Apr-11,116
18-Apr-11,117.37
15-Apr-11,117.99
14-Apr-11,118.03
13-Apr-11,116.84
12-Apr-11,117.68
11-Apr-11,120.44
8-Apr-11,120.15
7-Apr-11,117.79
6-Apr-11,117.75
5-Apr-11,116.73
4-Apr-11,115.21
1-Apr-11,113.49
31-Mar-11,111.42
30-Mar-11,110.18
29-Mar-11,109.87
28-Mar-11,110.37
25-Mar-11,110.91
24-Mar-11,110.81
23-Mar-11,111.09
22-Mar-11,110.23
21-Mar-11,110.1
18-Mar-11,110.54
17-Mar-11,108.08
16-Mar-11,105.8
15-Mar-11,106.56
14-Mar-11,107.87
11-Mar-11,109.18
10-Mar-11,110.71
9-Mar-11,109.96
8-Mar-11,109.55
7-Mar-11,112.03
4-Mar-11,111.42
3-Mar-11,110.48
2-Mar-11,110.83
1-Mar-11,108.27
28-Feb-11,108.5
25-Feb-11,108.31
24-Feb-11,111.01
23-Feb-11,105.88
22-Feb-11,104.01
21-Feb-11,100.59
18-Feb-11,99.08
17-Feb-11,99.77
16-Feb-11,98.68
15-Feb-11,99
14-Feb-11,98.24
11-Feb-11,97.37
10-Feb-11,97.59
9-Feb-11,96.93
8-Feb-11,96.12
7-Feb-11,96.02
4-Feb-11,96.85
3-Feb-11,97.71
2-Feb-11,97.66
1-Feb-11,96.39
31-Jan-11,95.53
28-Jan-11,94.1
27-Jan-11,93.42
26-Jan-11,92.58
25-Jan-11,91.8
24-Jan-11,93.2
21-Jan-11,92.9
20-Jan-11,92.95
19-Jan-11,93.99
18-Jan-11,93.8
17-Jan-11,93.72
14-Jan-11,94.04
13-Jan-11,93.96
12-Jan-11,94.23
11-Jan-11,92.92
10-Jan-11,91.33
7-Jan-11,90.83
6-Jan-11,92.06
5-Jan-11,90.91
4-Jan-11,91.28
3-Jan-11,89.81
31-Dec-10,88.99
30-Dec-10,89.47
29-Dec-10,90.22
28-Dec-10,90.08
27-Dec-10,90.67
24-Dec-10,90.73
23-Dec-10,90.16
22-Dec-10,90.02
21-Dec-10,89.54
20-Dec-10,88.59
17-Dec-10,88.78
16-Dec-10,88.76
15-Dec-10,88.22
14-Dec-10,88.21
13-Dec-10,87.96
10-Dec-10,87.65
9-Dec-10,87.91
8-Dec-10,87.46
7-Dec-10,87.87
6-Dec-10,88.13
3-Dec-10,87.12
2-Dec-10,86.13
1-Dec-10,84.13
30-Nov-10,83.65
29-Nov-10,83.45
26-Nov-10,82.34
25-Nov-10,82.55
24-Nov-10,81.16
23-Nov-10,80.14
22-Nov-10,80.96
19-Nov-10,81.41
18-Nov-10,81.09
17-Nov-10,81.9
16-Nov-10,82.35
15-Nov-10,83.39
12-Nov-10,83.67
11-Nov-10,85.81
10-Nov-10,85.27
9-Nov-10,84.92
8-Nov-10,84.62
5-Nov-10,84.33
4-Nov-10,84.33
3-Nov-10,82.56
2-Nov-10,81.9
1-Nov-10,80.55
29-Oct-10,79.42
28-Oct-10,79.92
27-Oct-10,79.19
26-Oct-10,79.75
25-Oct-10,80.03
22-Oct-10,78.54
21-Oct-10,79.26
20-Oct-10,78.71
19-Oct-10,79.25
18-Oct-10,79
15-Oct-10,79.86
14-Oct-10,80.95
13-Oct-10,80.9
12-Oct-10,79.64
11-Oct-10,80.44
8-Oct-10,79.95
7-Oct-10,81.07
6-Oct-10,81.51
5-Oct-10,80.14
4-Oct-10,79.95
1-Oct-10,79.52
30-Sep-10,77.48
29-Sep-10,75.74
28-Sep-10,74.87
27-Sep-10,75.06
24-Sep-10,75.01
23-Sep-10,74.28
22-Sep-10,74.41
21-Sep-10,75.34
20-Sep-10,75.26
17-Sep-10,74.95
16-Sep-10,75.49
15-Sep-10,75.37
14-Sep-10,75.54
13-Sep-10,75.06
10-Sep-10,74.66
9-Sep-10,74.48
8-Sep-10,74.04
7-Sep-10,73.03
6-Sep-10,73.46
3-Sep-10,73.05
2-Sep-10,72.89
1-Sep-10,72.49
31-Aug-10,72.39
30-Aug-10,73.05
27-Aug-10,72.36
26-Aug-10,71.4
25-Aug-10,70
24-Aug-10,69.69
23-Aug-10,70.93
20-Aug-10,71.78
19-Aug-10,73.03
18-Aug-10,73.05
17-Aug-10,73.25
16-Aug-10,72.27
13-Aug-10,72.64
12-Aug-10,73.73
11-Aug-10,75.4
10-Aug-10,76.87
9-Aug-10,78.28
6-Aug-10,78.15
5-Aug-10,78.69
4-Aug-10,78.88
3-Aug-10,78.41
2-Aug-10,77.09
30-Jul-10,74.43
29-Jul-10,74.19
28-Jul-10,73.26
27-Jul-10,73.95
26-Jul-10,74.22
23-Jul-10,74.44
22-Jul-10,73.47
21-Jul-10,73.16
20-Jul-10,73.16
19-Jul-10,72.94
16-Jul-10,72.89
15-Jul-10,73.26
14-Jul-10,73.93
13-Jul-10,72.58
12-Jul-10,72
9-Jul-10,72.79
8-Jul-10,71.86
7-Jul-10,69.74
6-Jul-10,69.73
5-Jul-10,69.05
2-Jul-10,69.63
1-Jul-10,70.48
30-Jun-10,72.49
29-Jun-10,72.66
28-Jun-10,74.77
25-Jun-10,73.8
24-Jun-10,72.9
23-Jun-10,74.06
22-Jun-10,75.09
21-Jun-10,75.94
18-Jun-10,75.11
17-Jun-10,75.21
16-Jun-10,74.13
15-Jun-10,73.14
14-Jun-10,73.32
11-Jun-10,72.26
10-Jun-10,72.18
9-Jun-10,71.05
8-Jun-10,70.08
7-Jun-10,69.61
4-Jun-10,72.06
3-Jun-10,72.84
2-Jun-10,71.13
1-Jun-10,70.96
31-May-10,71.88
28-May-10,70.62
27-May-10,70.48
26-May-10,68.21
25-May-10,66.84
24-May-10,68.59
21-May-10,68.47
20-May-10,69.64
19-May-10,70.57
18-May-10,72.77
17-May-10,73.25
14-May-10,75.95
13-May-10,78.43
12-May-10,78.29
11-May-10,77.53
10-May-10,78.08
7-May-10,76.41
6-May-10,78.52
5-May-10,81.12
4-May-10,84.16
3-May-10,84.36
30-Apr-10,84.13
29-Apr-10,83.59
28-Apr-10,82.13
27-Apr-10,83.03
26-Apr-10,83.91
23-Apr-10,83.01
22-Apr-10,82.36
21-Apr-10,82.01
20-Apr-10,81.83
19-Apr-10,80.89
16-Apr-10,82.86
15-Apr-10,83.28
14-Apr-10,82.63
13-Apr-10,81.52
12-Apr-10,82.2
9-Apr-10,81.97
8-Apr-10,81.6
7-Apr-10,82.36
6-Apr-10,82.55
5-Apr-10,81.27
1-Apr-10,79.89
31-Mar-10,78.7
30-Mar-10,78.21
29-Mar-10,77.77
26-Mar-10,76.8
25-Mar-10,77.03
24-Mar-10,76.9
23-Mar-10,77.54
22-Mar-10,76.75
19-Mar-10,77.18
18-Mar-10,77.9
17-Mar-10,78.25
16-Mar-10,76.62
15-Mar-10,76.24
12-Mar-10,77.74
11-Mar-10,77.76
10-Mar-10,77.8
9-Mar-10,77.38
8-Mar-10,77.86
5-Mar-10,77.27
4-Mar-10,76.42
3-Mar-10,76.52
2-Mar-10,75.51
1-Mar-10,75.75
26-Feb-10,74.6
25-Feb-10,74.66
24-Feb-10,75.46
23-Feb-10,75.75
22-Feb-10,76.14
19-Feb-10,75.17
18-Feb-10,74.49
17-Feb-10,74.33
16-Feb-10,73.06
15-Feb-10,71.72
12-Feb-10,71.55
11-Feb-10,71.81
10-Feb-10,70.78
9-Feb-10,69.76
8-Feb-10,68.86
5-Feb-10,69.71
4-Feb-10,72.73
3-Feb-10,75.14
2-Feb-10,73.05
1-Feb-10,71.02
29-Jan-10,71.01
28-Jan-10,71.4
27-Jan-10,71.87
26-Jan-10,71.94
25-Jan-10,71.97
22-Jan-10,73.02
21-Jan-10,74.54
20-Jan-10,75.3
19-Jan-10,75.53
18-Jan-10,75.75
15-Jan-10,76.57
14-Jan-10,77.59
13-Jan-10,77.15
12-Jan-10,79.08
11-Jan-10,80.29
8-Jan-10,79.94
7-Jan-10,80.19
6-Jan-10,79.7
5-Jan-10,79.14
4-Jan-10,78.23
31-Dec-09,77.16
30-Dec-09,76.77
29-Dec-09,76.19
28-Dec-09,74.83
24-Dec-09,74.33
23-Dec-09,72.71
22-Dec-09,71.32
21-Dec-09,71.88
18-Dec-09,71.78
17-Dec-09,71.77
16-Dec-09,72.17
15-Dec-09,70.84
14-Dec-09,70.64
11-Dec-09,70.85
10-Dec-09,71.43
9-Dec-09,73.7
8-Dec-09,74.8
7-Dec-09,75.76
4-Dec-09,76.81
3-Dec-09,77.32
2-Dec-09,77.31
1-Dec-09,77.88
30-Nov-09,76.21
27-Nov-09,75.38
26-Nov-09,75.96
25-Nov-09,75.67
24-Nov-09,75.22
23-Nov-09,76.72
20-Nov-09,75.77
19-Nov-09,76.77
18-Nov-09,77.86
17-Nov-09,76.96
16-Nov-09,76.48
13-Nov-09,75.25
12-Nov-09,76.06
11-Nov-09,76.88
10-Nov-09,76.5
9-Nov-09,76.56
6-Nov-09,76.25
5-Nov-09,77.45
4-Nov-09,77.6
3-Nov-09,75.53
2-Nov-09,74.95
30-Oct-09,75.56
29-Oct-09,75.94
28-Oct-09,75.53
27-Oct-09,76.43
26-Oct-09,76.7
23-Oct-09,77.59
22-Oct-09,77.61
21-Oct-09,76.37
20-Oct-09,75.82
19-Oct-09,75.82
16-Oct-09,74.89
15-Oct-09,73.2
14-Oct-09,71.96
13-Oct-09,70.94
12-Oct-09,70.06
9-Oct-09,68.86
8-Oct-09,67.84
7-Oct-09,67.76
6-Oct-09,68.14
5-Oct-09,66.81
2-Oct-09,67.17
1-Oct-09,67.72
30-Sep-09,65.55
29-Sep-09,64.25
28-Sep-09,64.07
25-Sep-09,64
24-Sep-09,65.12
23-Sep-09,67.87
22-Sep-09,68.59
21-Sep-09,68.42
18-Sep-09,69.62
17-Sep-09,70.27
16-Sep-09,68.69
15-Sep-09,66.95
14-Sep-09,66.47
11-Sep-09,68.21
10-Sep-09,69.23
9-Sep-09,68.97
8-Sep-09,67.83
7-Sep-09,66.2
4-Sep-09,66.03
3-Sep-09,66.65
2-Sep-09,66.64
1-Sep-09,68.11
31-Aug-09,70.37
28-Aug-09,71.72
27-Aug-09,70.36
26-Aug-09,70.44
25-Aug-09,71.71
24-Aug-09,72.89
21-Aug-09,72.27
20-Aug-09,72.57
19-Aug-09,71.13
18-Aug-09,69.47
17-Aug-09,68.04
14-Aug-09,71.14
13-Aug-09,72.22
12-Aug-09,71.04
11-Aug-09,71.06
10-Aug-09,71.68
7-Aug-09,71.96
6-Aug-09,72.92
5-Aug-09,72.45
4-Aug-09,71.53
3-Aug-09,71.34
31-Jul-09,68.59
30-Jul-09,66.42
29-Jul-09,65.81
28-Jul-09,68.45
27-Jul-09,69.01
24-Jul-09,67.8
23-Jul-09,66.46
22-Jul-09,64.68
21-Jul-09,65.04
20-Jul-09,64.64
17-Jul-09,63.23
16-Jul-09,62.54
15-Jul-09,61.73
14-Jul-09,60.87
13-Jul-09,59.66
10-Jul-09,59.86
9-Jul-09,60.58
8-Jul-09,61.11
7-Jul-09,62.97
6-Jul-09,63.66
3-Jul-09,66.12
2-Jul-09,67.04
1-Jul-09,69.26
30-Jun-09,69.56
29-Jun-09,69.16
26-Jun-09,69.02
25-Jun-09,68.27
24-Jun-09,67.74
23-Jun-09,66.34
22-Jun-09,67.13
19-Jun-09,70
18-Jun-09,70.01
17-Jun-09,69.1
16-Jun-09,69.41
15-Jun-09,68.98
12-Jun-09,70.18
11-Jun-09,70.6
10-Jun-09,69.92
9-Jun-09,68.42
8-Jun-09,66.75
5-Jun-09,67.81
4-Jun-09,66.74
3-Jun-09,66.14
2-Jun-09,66.6
1-Jun-09,66.08
29-May-09,63.71
28-May-09,61.77
27-May-09,60.75
26-May-09,58.71
25-May-09,58.55
22-May-09,58.75
21-May-09,58.32
20-May-09,58.47
19-May-09,57.52
18-May-09,55.86
15-May-09,56.37
14-May-09,55.99
13-May-09,57.16
12-May-09,56.76
11-May-09,56.11
8-May-09,56.35
7-May-09,56.05
6-May-09,54.09
5-May-09,52.71
4-May-09,52.11
1-May-09,50.41
30-Apr-09,50.36
29-Apr-09,49.98
28-Apr-09,48.7
27-Apr-09,49.21
24-Apr-09,49.97
23-Apr-09,48.6
22-Apr-09,48.51
21-Apr-09,48.49
20-Apr-09,49.59
17-Apr-09,51.45
16-Apr-09,51.55
15-Apr-09,51.17
14-Apr-09,51.07
13-Apr-09,51.92
9-Apr-09,52.26
8-Apr-09,50.25
7-Apr-09,50.96
6-Apr-09,51.9
3-Apr-09,51.2
2-Apr-09,49.97
1-Apr-09,47.15
31-Mar-09,46.65
30-Mar-09,47.72
27-Mar-09,50.41
26-Mar-09,50.77
25-Mar-09,50.14
24-Mar-09,50.44
23-Mar-09,50.18
20-Mar-09,48.77
19-Mar-09,47.39
18-Mar-09,45.64
17-Mar-09,44.71
16-Mar-09,43.05
13-Mar-09,44.15
12-Mar-09,42.24
11-Mar-09,42.38
10-Mar-09,43.47
9-Mar-09,44.04
6-Mar-09,43.15
5-Mar-09,43.64
4-Mar-09,43.83
3-Mar-09,41.79
2-Mar-09,42.61
27-Feb-09,43.23
26-Feb-09,43.21
25-Feb-09,40.71
24-Feb-09,39.03
23-Feb-09,39.47
20-Feb-09,39.19
19-Feb-09,38.98
18-Feb-09,38.1
17-Feb-09,39.8
16-Feb-09,41.48
13-Feb-09,42.31
12-Feb-09,41.81
11-Feb-09,42.29
10-Feb-09,43.45
9-Feb-09,43.9
6-Feb-09,43.29
5-Feb-09,42.15
4-Feb-09,41.63
3-Feb-09,41.57
2-Feb-09,42.58
30-Jan-09,42.02
29-Jan-09,41.19
28-Jan-09,40.81
27-Jan-09,40.48
26-Jan-09,42.54
23-Jan-09,41.03
22-Jan-09,40.28
21-Jan-09,39.55
20-Jan-09,39.29
19-Jan-09,40.33
16-Jan-09,42.23
15-Jan-09,40.9
14-Jan-09,41.32
13-Jan-09,40.13
12-Jan-09,40.15
9-Jan-09,41.9
8-Jan-09,42.06
7-Jan-09,45.43
6-Jan-09,46.32
5-Jan-09,43.98
2-Jan-09,40.44
31-Dec-08,35.58
30-Dec-08,34.95
29-Dec-08,34.69
24-Dec-08,33.36
23-Dec-08,34.49
22-Dec-08,36.92
19-Dec-08,37.72
18-Dec-08,39.48
17-Dec-08,40.95
16-Dec-08,40.74
15-Dec-08,42.53
12-Dec-08,41.32
11-Dec-08,40.12
10-Dec-08,37.94
9-Dec-08,38.19
8-Dec-08,37.73
5-Dec-08,36.67
4-Dec-08,39.56
3-Dec-08,40.75
2-Dec-08,41.6
1-Dec-08,45.26
28-Nov-08,47.22
27-Nov-08,47.47
26-Nov-08,45.47
25-Nov-08,45.53
24-Nov-08,44.48
21-Nov-08,42.56
20-Nov-08,44.06
19-Nov-08,45.89
18-Nov-08,46.55
17-Nov-08,47.96
14-Nov-08,49.09
13-Nov-08,47.73
12-Nov-08,49.94
11-Nov-08,52.24
10-Nov-08,54.77
7-Nov-08,53.49
6-Nov-08,54.89
5-Nov-08,58.97
4-Nov-08,57.77
3-Nov-08,59.03
31-Oct-08,57.43
30-Oct-08,59.92
29-Oct-08,58.13
28-Oct-08,55.9
27-Oct-08,56.8
24-Oct-08,57.57
23-Oct-08,60.27
22-Oct-08,60.82
21-Oct-08,64.35
20-Oct-08,64.63
17-Oct-08,62.92
16-Oct-08,62.77
15-Oct-08,68.28
14-Oct-08,73.49
13-Oct-08,71.96
10-Oct-08,72.67
9-Oct-08,78.24
8-Oct-08,77.37
7-Oct-08,80.04
6-Oct-08,81.56
3-Oct-08,86.36
2-Oct-08,89.27
1-Oct-08,89.99
30-Sep-08,90.32
29-Sep-08,94.09
26-Sep-08,97.9
25-Sep-08,97.68
24-Sep-08,98.88
23-Sep-08,99
22-Sep-08,97.95
19-Sep-08,91.83
18-Sep-08,89.38
17-Sep-08,87.25
16-Sep-08,86.27
15-Sep-08,91.26
12-Sep-08,95.21
11-Sep-08,95.29
10-Sep-08,96.79
9-Sep-08,98.49
8-Sep-08,101.08
5-Sep-08,101.21
4-Sep-08,103.64
3-Sep-08,103.68
2-Sep-08,103.4
1-Sep-08,110.01
29-Aug-08,111.23
28-Aug-08,111.85
27-Aug-08,111.79
26-Aug-08,110.51
25-Aug-08,110.61
22-Aug-08,114.63
21-Aug-08,114.07
20-Aug-08,109.77
19-Aug-08,108.26
18-Aug-08,108.68
15-Aug-08,107.88
14-Aug-08,110.88
13-Aug-08,109.56
12-Aug-08,109.08
11-Aug-08,111.27
8-Aug-08,112.73
7-Aug-08,115.08
6-Aug-08,114.64
5-Aug-08,116.22
4-Aug-08,120.8
1-Aug-08,121.08
31-Jul-08,122.48
30-Jul-08,120.88
29-Jul-08,121.73
28-Jul-08,123.19
25-Jul-08,122.63
24-Jul-08,122.42
23-Jul-08,123.89
22-Jul-08,127.43
21-Jul-08,127.72
18-Jul-08,127.93
17-Jul-08,131.03
16-Jul-08,133.09
15-Jul-08,138
14-Jul-08,139.81
11-Jul-08,139.85
10-Jul-08,133.68
9-Jul-08,133.16
8-Jul-08,135.21
7-Jul-08,138.44
4-Jul-08,140.13
3-Jul-08,140.73
2-Jul-08,137.73
1-Jul-08,136.94
30-Jun-08,136.03
27-Jun-08,135.31
26-Jun-08,130.77
25-Jun-08,129.87
24-Jun-08,131.34
23-Jun-08,130.7
20-Jun-08,128.56
19-Jun-08,129.44
18-Jun-08,128.44
17-Jun-08,128.97
16-Jun-08,129.77
13-Jun-08,130.51
12-Jun-08,129.75
11-Jun-08,128.88
10-Jun-08,128.64
9-Jun-08,130.86
6-Jun-08,126.09
5-Jun-08,118.75
4-Jun-08,118.55
3-Jun-08,121.68
2-Jun-08,122.09
30-May-08,121.68
29-May-08,124.27
28-May-08,123.05
27-May-08,125.91
26-May-08,126.57
23-May-08,126.37
22-May-08,127.59
21-May-08,124.45
20-May-08,121.02
19-May-08,119.24
16-May-08,119.27
15-May-08,118.95
14-May-08,118.78
13-May-08,118.73
12-May-08,119.65
9-May-08,119.07
8-May-08,116.87
7-May-08,115.97
6-May-08,114.69
5-May-08,111.55
2-May-08,106.93
1-May-08,105.93
30-Apr-08,107.33
29-Apr-08,109.86
28-Apr-08,111.66
25-Apr-08,110.01
24-Apr-08,110.63
23-Apr-08,111.14
22-Apr-08,109.92
21-Apr-08,108.93
18-Apr-08,107.75
17-Apr-08,107.63
16-Apr-08,106.65
15-Apr-08,105.73
14-Apr-08,104.02
11-Apr-08,103.67
10-Apr-08,103.74
9-Apr-08,102.38
8-Apr-08,101.89
7-Apr-08,101.16
4-Apr-08,98.63
3-Apr-08,98.63
2-Apr-08,96.48
1-Apr-08,95.75
31-Mar-08,98.63
28-Mar-08,99.77
27-Mar-08,100.36
26-Mar-08,98.42
25-Mar-08,96.49
24-Mar-08,96.15
20-Mar-08,96.1
19-Mar-08,99.97
18-Mar-08,100.1
17-Mar-08,101.41
14-Mar-08,102.88
13-Mar-08,102.39
12-Mar-08,101.38
11-Mar-08,100.57
10-Mar-08,99.48
7-Mar-08,99
6-Mar-08,98.34
5-Mar-08,95.86
4-Mar-08,96.13
3-Mar-08,97.12
29-Feb-08,96.35
28-Feb-08,94.87
27-Feb-08,95.03
26-Feb-08,93.96
25-Feb-08,93.49
22-Feb-08,92.48
21-Feb-08,93.81
20-Feb-08,94.09
19-Feb-08,92.52
18-Feb-08,91.21
15-Feb-08,91.55
14-Feb-08,90.63
13-Feb-08,89.48
12-Feb-08,89.63
11-Feb-08,89.01
8-Feb-08,86.1
7-Feb-08,84.63
6-Feb-08,84.66
5-Feb-08,86.01
4-Feb-08,86.51
1-Feb-08,87.5
31-Jan-08,87.92
30-Jan-08,88.59
29-Jan-08,88.2
28-Jan-08,87.01
25-Jan-08,86.87
24-Jan-08,84.42
23-Jan-08,84.48
22-Jan-08,83.7
21-Jan-08,85.06
18-Jan-08,85.91
17-Jan-08,86.14
16-Jan-08,86.28
15-Jan-08,88.33
14-Jan-08,88.51
11-Jan-08,88.36
10-Jan-08,89.71
9-Jan-08,91.98
8-Jan-08,91.67
7-Jan-08,91.72
4-Jan-08,93.38
3-Jan-08,93.67
2-Jan-08,91.82
31-Dec-07,90.7
28-Dec-07,90.84
27-Dec-07,90.29
26-Dec-07,89.44
24-Dec-07,87.86
21-Dec-07,87.73
20-Dec-07,87.36
19-Dec-07,87.24
18-Dec-07,87.1
17-Dec-07,87.13
14-Dec-07,87.81
13-Dec-07,88.46
12-Dec-07,86.61
11-Dec-07,84.51
10-Dec-07,84.02
7-Dec-07,85.07
6-Dec-07,84.34
5-Dec-07,85.3
4-Dec-07,85.14
3-Dec-07,84.13
30-Nov-07,85.72
29-Nov-07,87.59
28-Nov-07,87.88
27-Nov-07,90.08
26-Nov-07,91.68
23-Nov-07,91.37
22-Nov-07,91.22
21-Nov-07,91.77
20-Nov-07,89.93
19-Nov-07,88.57
16-Nov-07,87.41
15-Nov-07,86.87
14-Nov-07,86.45
13-Nov-07,86.68
12-Nov-07,88.65
9-Nov-07,89.58
8-Nov-07,90.56
7-Nov-07,90.57
6-Nov-07,89.02
5-Nov-07,88
2-Nov-07,87.47
1-Nov-07,87.47
31-Oct-07,84.76
30-Oct-07,85.52
29-Oct-07,85.94
26-Oct-07,84.82
25-Oct-07,82.67
24-Oct-07,80.49
23-Oct-07,80.03
22-Oct-07,80.15
19-Oct-07,81.49
18-Oct-07,81.18
17-Oct-07,81.13
16-Oct-07,80.87
15-Oct-07,78.76
12-Oct-07,77.62
11-Oct-07,77.01
10-Oct-07,75.36
9-Oct-07,74.47
8-Oct-07,75.37
5-Oct-07,76.23
4-Oct-07,74.83
3-Oct-07,74.96
2-Oct-07,74.66
1-Oct-07,75.97
28-Sep-07,77.43
27-Sep-07,76.02
26-Sep-07,75.11
25-Sep-07,75.8
24-Sep-07,76.48
21-Sep-07,76.72
20-Sep-07,75.78
19-Sep-07,75.61
18-Sep-07,74.92
17-Sep-07,74.06
14-Sep-07,74.48
13-Sep-07,74.64
12-Sep-07,74.21
11-Sep-07,73.13
10-Sep-07,72.27
7-Sep-07,72.01
6-Sep-07,72.1
5-Sep-07,71.46
4-Sep-07,70.88
3-Sep-07,70.42
31-Aug-07,69.7
30-Aug-07,69.18
29-Aug-07,68.41
28-Aug-07,68.25
27-Aug-07,67.76
24-Aug-07,67.61
23-Aug-07,67.07
22-Aug-07,66.6
21-Aug-07,67.1
20-Aug-07,67.69
17-Aug-07,67.83
16-Aug-07,67.63
15-Aug-07,68.68
14-Aug-07,67.75
13-Aug-07,68.36
10-Aug-07,67.56
9-Aug-07,68.29
8-Aug-07,68.59
7-Aug-07,68.34
6-Aug-07,70.3
3-Aug-07,72.12
2-Aug-07,72.3
1-Aug-07,73.17
31-Jul-07,72.56
30-Jul-07,72.35
27-Jul-07,72.36
26-Jul-07,73.01
25-Jul-07,71.65
24-Jul-07,72.02
23-Jul-07,73.13
20-Jul-07,73.8
19-Jul-07,73.36
18-Jul-07,72.2
17-Jul-07,72.05
16-Jul-07,72.97
13-Jul-07,72.67
12-Jul-07,72.15
11-Jul-07,72.05
10-Jul-07,71.78
9-Jul-07,71.55
6-Jul-07,71.33
5-Jul-07,70.38
4-Jul-07,69.89
3-Jul-07,69.65
2-Jul-07,68.73
29-Jun-07,68.02
28-Jun-07,67.72
27-Jun-07,67.41
26-Jun-07,67.53
25-Jun-07,67.38
22-Jun-07,67.5
21-Jun-07,67.7
20-Jun-07,67.7
19-Jun-07,68.33
18-Jun-07,68.02
15-Jun-07,67.5
14-Jun-07,66.87
13-Jun-07,65.67
12-Jun-07,65.46
11-Jun-07,65.14
8-Jun-07,66.23
7-Jun-07,67.18
6-Jun-07,66.58
5-Jun-07,66.34
4-Jun-07,65.81
1-Jun-07,64.6
31-May-07,64.45
30-May-07,64.3
29-May-07,65.49
28-May-07,66.2
25-May-07,66.57
24-May-07,66.93
23-May-07,66.36
22-May-07,66.62
21-May-07,66.24
18-May-07,66.01
17-May-07,65.29
16-May-07,64.55
15-May-07,63.79
14-May-07,63.79
11-May-07,63.15
10-May-07,62.36
9-May-07,62.19
8-May-07,62.1
7-May-07,61.93
4-May-07,63.1
3-May-07,63.19
2-May-07,63.69
1-May-07,64.81
30-Apr-07,64.26
27-Apr-07,64.03
26-Apr-07,64.2
25-Apr-07,63.69
24-Apr-07,63.94
23-Apr-07,63.1
20-Apr-07,62.23
19-Apr-07,61.98
18-Apr-07,61.96
17-Apr-07,63.14
16-Apr-07,64.05
13-Apr-07,64.88
12-Apr-07,63.83
11-Apr-07,63.54
10-Apr-07,62.82
9-Apr-07,63.74
5-Apr-07,64.16
4-Apr-07,63.48
3-Apr-07,63.87
2-Apr-07,64.06
30-Mar-07,63.79
29-Mar-07,62.52
28-Mar-07,61.88
27-Mar-07,60.49
26-Mar-07,60.16
23-Mar-07,59.05
22-Mar-07,57.91
21-Mar-07,56.87
20-Mar-07,56.59
19-Mar-07,56.74
16-Mar-07,56.86
15-Mar-07,57.28
14-Mar-07,57.23
13-Mar-07,57.38
12-Mar-07,57.37
9-Mar-07,58.29
8-Mar-07,58.73
7-Mar-07,58.2
6-Mar-07,57.21
5-Mar-07,57.32
2-Mar-07,58.65
1-Mar-07,58.47
28-Feb-07,56.69
27-Feb-07,57.24
26-Feb-07,57.07
23-Feb-07,56.55
22-Feb-07,55.14
21-Feb-07,54
20-Feb-07,53.42
19-Feb-07,53.87
16-Feb-07,53.69
15-Feb-07,52.88
14-Feb-07,53.76
13-Feb-07,53.38
12-Feb-07,53.99
9-Feb-07,55.08
8-Feb-07,53.6
7-Feb-07,54.4
6-Feb-07,54.68
5-Feb-07,54.66
2-Feb-07,53.64
1-Feb-07,53.49
31-Jan-07,52.62
30-Jan-07,50.82
29-Jan-07,51.28
26-Jan-07,51.04
25-Jan-07,51.27
24-Jan-07,50.92
23-Jan-07,49.6
22-Jan-07,49.72
19-Jan-07,48.3
18-Jan-07,48.24
17-Jan-07,47.97
16-Jan-07,48.58
15-Jan-07,49.36
12-Jan-07,48.68
11-Jan-07,49.22
10-Jan-07,50.6
9-Jan-07,51.2
8-Jan-07,51.88
5-Jan-07,51.3
4-Jan-07,53.26
3-Jan-07,55.42
2-Jan-07,56.16
29-Dec-06,55.97
28-Dec-06,56.12
27-Dec-06,56.43
26-Dec-06,57.45
22-Dec-06,57.98
21-Dec-06,58.05
20-Dec-06,58.2
19-Dec-06,57.44
18-Dec-06,58.4
15-Dec-06,58.39
14-Dec-06,57.43
13-Dec-06,57
12-Dec-06,57.41
11-Dec-06,57.74
8-Dec-06,58.63
7-Dec-06,58.66
6-Dec-06,59.1
5-Dec-06,59.19
4-Dec-06,59.7
1-Dec-06,59.66
30-Nov-06,58.71
29-Nov-06,57.32
28-Nov-06,56.48
27-Nov-06,55.76
24-Nov-06,55.29
23-Nov-06,54.98
22-Nov-06,55.26
21-Nov-06,54.9
20-Nov-06,54.03
17-Nov-06,53.9
16-Nov-06,55.44
15-Nov-06,55.33
14-Nov-06,55.19
13-Nov-06,55.42
10-Nov-06,56.57
9-Nov-06,56.41
8-Nov-06,55.18
7-Nov-06,55.64
6-Nov-06,54.91
3-Nov-06,54.07
2-Nov-06,54.25
1-Nov-06,54.25
31-Oct-06,53.37
30-Oct-06,54.87
27-Oct-06,55.53
26-Oct-06,56.12
25-Oct-06,54.96
24-Oct-06,53.78
23-Oct-06,53.44
20-Oct-06,55.07
19-Oct-06,54.56
18-Oct-06,55.27
17-Oct-06,56.17
16-Oct-06,55.34
13-Oct-06,54.9
12-Oct-06,54.19
11-Oct-06,54.16
10-Oct-06,55.31
9-Oct-06,55.7
6-Oct-06,55.05
5-Oct-06,55.27
4-Oct-06,54.1
3-Oct-06,54.99
2-Oct-06,57.19
29-Sep-06,57.38
28-Sep-06,57.57
27-Sep-06,55.92
26-Sep-06,55.86
25-Sep-06,54.92
22-Sep-06,56.15
21-Sep-06,55.92
20-Sep-06,56.23
19-Sep-06,58.85
18-Sep-06,58.67
15-Sep-06,58.45
14-Sep-06,59.22
13-Sep-06,58.95
12-Sep-06,60.37
11-Sep-06,60.7
8-Sep-06,62.04
7-Sep-06,62.74
6-Sep-06,63.27
5-Sep-06,63.54
4-Sep-06,64.13
1-Sep-06,65.35
31-Aug-06,65.18
30-Aug-06,65
29-Aug-06,65.4
28-Aug-06,66.03
25-Aug-06,68.1
24-Aug-06,67
23-Aug-06,67.34
22-Aug-06,67.99
21-Aug-06,67.92
18-Aug-06,67.02
17-Aug-06,66.85
16-Aug-06,68.24
15-Aug-06,69.01
14-Aug-06,69.54
11-Aug-06,70.34
10-Aug-06,70.94
9-Aug-06,72.54
8-Aug-06,72.68
7-Aug-06,72.12
4-Aug-06,71.08
3-Aug-06,71.08
2-Aug-06,71.2
1-Aug-06,69.97
31-Jul-06,68.42
28-Jul-06,68.97
27-Jul-06,69.07
26-Jul-06,68.25
25-Jul-06,68.71
24-Jul-06,67.99
21-Jul-06,68.44
20-Jul-06,68.45
19-Jul-06,68.46
18-Jul-06,70.29
17-Jul-06,71.4
14-Jul-06,71.71
13-Jul-06,70.27
12-Jul-06,68.66
11-Jul-06,68.1
10-Jul-06,67.9
7-Jul-06,68.77
6-Jul-06,68.74
5-Jul-06,67.92
4-Jul-06,67.85
3-Jul-06,68.28
30-Jun-06,67.29
29-Jun-06,66.6
28-Jun-06,65.89
27-Jun-06,65.79
26-Jun-06,64.59
23-Jun-06,64.4
22-Jun-06,64.36
21-Jun-06,62.87
20-Jun-06,62.95
19-Jun-06,62.64
16-Jun-06,63.02
15-Jun-06,63.1
14-Jun-06,62.66
13-Jun-06,63.2
12-Jun-06,65.41
9-Jun-06,64.85
8-Jun-06,63.84
7-Jun-06,65.43
6-Jun-06,65.93
5-Jun-06,66.48
2-Jun-06,65.01
1-Jun-06,64.84
31-May-06,64.88
30-May-06,65.41
29-May-06,65.12
26-May-06,65.1
25-May-06,63.91
24-May-06,64.48
23-May-06,64.45
22-May-06,62.51
19-May-06,63.42
18-May-06,62.95
17-May-06,63.75
16-May-06,63.83
15-May-06,64.67
12-May-06,67.02
11-May-06,67.27
10-May-06,65.6
9-May-06,65.05
8-May-06,64.51
5-May-06,64.98
4-May-06,66.07
3-May-06,68.05
2-May-06,68.37
1-May-06,66.2
28-Apr-06,65.48
27-Apr-06,65.63
38833,66.94
38832,66.21
38831,67.37
38828,66.84
38827,67
38826,66.36
38825,65.8
38824,65.02
38820,63.82
38819,63.84
38818,63.61
38817,62.61
38814,61.8
38813,62.13
38812,61.08
38811,61.01
38810,61.82
38807,61.17
38806,60.64
38805,59.95
38804,59.05
38803,58.02
38800,58.05
38799,57.14
38798,56.78
38797,56.14
38796,57.32
38793,58.47
38792,57.45
38791,58.3
38790,57.69
38789,56.41
38786,56.18
38785,55.73
38784,56.04
38783,57.47
38782,58.64
38779,59.17
38778,58.1
38777,57.13
38776,56.01
38775,56.38
38772,56.43
38771,55.18
38770,55.72
38769,56.07
38768,55.78
38765,54.58
38764,53.62
38763,54.35
38762,55.3
38761,55.85
38758,56.63
38757,57.17
38756,57.19
38755,58.17
38754,59.34
38751,58.33
38750,59.49
38749,60.77
38748,60.4
38747,60.42
38744,60.22
38743,59.3
38742,59.33
38741,60.51
38740,60.9
38737,60.63
38736,59.26
38735,59.42
38734,58.58
38733,57.76
38730,57.16
38729,57.63
38728,56.87
38727,57.11
38726,57.29
38723,56.78
38722,56.61
38721,56.38
38720,55.6
38716,53.47
38715,52.9
38714,51.73
38713,51.14
38709,51.53
38708,51.98
38707,51.43
38706,51.37
38705,51.62
38702,53.25
38701,54.44
38700,54.62
38699,54.44
38698,53.5
38695,53.95
38694,52.94
38693,52.88
38692,52.85
38691,52.72
38688,51.87
38687,50.71
38686,49.69
38685,49.78
38684,50.04
38681,50.42
38680,50.89
38679,51.05
38678,50.7
38677,50.15
38674,49.49
38673,50.11
38672,49.73
38671,50.01
38670,50.43
38667,50.25
38666,51.3
38665,52.2
38664,52.31
38663,52.86
38660,54.25
38659,53.45
38658,52.88
38657,52.91
38656,52.99
38653,53.73
38652,53.79
38651,54.41
38650,53.29
38649,52.63
38646,52.47
38645,52.85
38644,53.64
38643,54.41
38642,55.24
38639,54.34
38638,55.23
38637,55.37
38636,54.47
38635,53.97
38632,53.72
38631,54.27
38630,55.86
38629,56.48
38628,58.11
38625,58.02
38624,58.17
38623,57.65
38622,57.71
38621,56.91
38618,57.71
38617,59.28
38616,58.9
38615,58.3
38614,57.56
38611,56.62
38610,57.53
38609,56.28
38608,55.82
38607,56.73
38604,57.58
38603,57.48
38602,58.43
38601,59.05
38600,59.22
38597,60.73
38596,61.37
38595,61.1
38594,60.36
38593,60.33
38590,59.76
38589,59.75
38588,58.9
38587,58.15
38586,58.1
38583,57.53
38582,56.51
38581,57.71
38580,58.89
38579,59.05
38576,59.14
38575,58.28
38574,57.3
38573,56.45
38572,56.57
38569,55.29
38568,55.07
38567,55.43
38566,55.13
38565,55.12
38562,54.2
38561,53.13
38560,52.86
38559,52.69
38558,52.07
38555,51.81
38554,51.23
38553,52.15
38552,51.9
38551,52.38
38548,52.44
38547,53.37
38546,54.53
38545,54.31
38544,53.31
38541,54.94
38540,54.82
38539,54.8
38538,53.9
38537,53.41
38534,52.58
38533,52.01
38532,52.5
38531,53.82
38530,54.26
38527,53.36
38526,52.69
38525,52.34
38524,52.88
38523,52.78
38520,51.58
38519,50.18
38518,52.26
38517,52.05
38516,50.83
38513,50.74
38512,50.55
38511,50.21
38510,50.74
38509,51.18
38506,50.72
38505,50.23
38504,49.3
38503,47.6
38502,47.62
38499,47.45
38498,47.17
38497,46.41
38496,45.7
38495,45.5
38492,45.27
38491,44.65
38490,45.11
38489,45.6
38488,45.47
38485,45.54
38484,45.87
38483,47.39
38482,48.16
38481,47.82
38478,47.92
38477,47.63
38476,47.33
38475,47.4
38474,47.79
38471,47.9
38470,48.03
38469,48.88
38468,49.9
38467,50.17
38464,50.61
38463,49.25
38462,49.02
38461,47.71
38460,46.52
38457,47.08
38456,47.5
38455,47.84
38454,49.43
38453,49.14
38450,49.94
38449,51.85
38448,52.1
38447,52.27
38446,52.93
38443,51.65
38442,50.23
38441,48.8
38440,49.04
38439,49.26
38435,50.12
38434,49.09
38433,51.03
38432,51.76
38429,51.67
38428,51.76
38427,50.78
38426,50.21
38425,49.59
38422,49.2
38421,49.4
38420,49.87
38419,49.01
38418,48.15
38415,48.37
38414,48.36
38413,47.01
38412,46.17
38411,46.26
38408,45.49
38407,45.24
38406,44.72
38405,44.28
38404,43.12
38401,42.68
38400,42.56
38399,41.87
38398,41.84
38397,41.44
38394,41.38
38393,40.54
38392,39.94
38391,39.79
38390,39.98
38387,40.73
38386,40.19
38385,40.62
38384,41.28
38383,40.95
38380,41.88
38379,43.01
38378,43.1
38377,42.68
38376,42.49
38373,41.63
38372,40.68
38371,41.52
38370,41.97
38369,41.81
38366,41.8
38365,41.08
38364,39.81
38363,39.45
38362,40.12
38359,39.35
38358,38.19
38357,37.24
38356,36.57
38355,35.67
38352,36.43
38351,36.19
38350,35.54
38349,34.81
38348,35.3
38345,36.58
38344,36.71
38343,37.41
38342,38.26
38341,38.34
38338,37.87
38337,36.84
38336,36.47
38335,34.72
38334,33.99
38331,33.92
38330,34.29
38329,33.78
38328,34.21
38327,34.89
38324,34.53
38323,35.42
38322,38.03
38321,39.77
38320,39.46
38317,38.89
38316,39.06
38315,38.95
38314,38.69
38313,38.62
38310,37.53
38309,36.2
38308,35.49
38307,35.94
38306,36.11
38303,36.96
38302,37.16
38301,37.73
38300,38.03
38299,38.67
38296,38.56
38295,40.53
38294,41.44
38293,41.98
38292,43.31
38289,43.39
38288,43.59
38287,44.75
38286,45.48
38285,46.06
38282,46.52
38281,46.61
38280,45.87
38279,44.98
38278,45.47
38275,46.14
38274,45.48
38273,44.99
38272,46.49
38271,46.04
38268,45.19
38267,45.08
38266,44.26
38265,43.8
38264,43.28
38261,43.29
38260,43.39
38259,43.13
38258,43.54
38257,42.9
38254,42.31
38253,42.27
38252,41.75
38251,40.71
38250,40.2
38247,39.5
38246,38.44
38245,39.02
38244,39.07
38243,38.3
38240,38.82
38239,38.74
38238,38.19
38237,38.13
38236,38.66
38233,39.12
38232,39.68
38231,38.81
38230,38.15
38229,38.48
38226,39.05
38225,39.02
38224,40.45
38223,41.43
38222,42.27
38219,43.16
38218,42.6
38217,42.07
38216,41.75
38215,41.7
38212,41.33
38211,40.76
38210,40.08
38209,40
38208,40.04
38205,39.67
38204,39.55
38203,39.29
38202,39.33
38201,39.04
38198,38.69
38197,37.94
38196,37.95
38195,37.27
38194,37.02
38191,36.96
38190,36.6
38189,36.16
38188,36.49
38187,36.89
38184,36.81
38183,36.58
38182,35.79
38181,35.13
38180,35.83
38177,36.05
38176,35.91
38175,35.47
38174,35.58
38173,34.88
38170,34.75
38169,34
38168,32.68
38167,32.5
38166,33.07
38163,33.95
38162,34.1
38161,34.24
38160,34.36
38159,34.65
38156,35.19
38155,34.69
38154,33.93
38153,33.72
38152,34.29
38149,34.59
38148,34.59
38147,33.91
38146,34.45
38145,34.64
38142,34.94
38141,35.86
38140,36.8
38139,37.64
38138,36.17
38135,36.01
38134,36.02
38133,36.99
38132,37.36
38131,37.05
38128,36.4
38127,37.44
38126,37.12
38125,36.93
38124,37.72
38121,37.67
38120,36.93
38119,36.74
38118,35.57
38117,35.42
38114,36.12
38113,35.88
38112,35.3
38111,34.71
38110,34.13
38107,33.99
38106,33.33
38105,33.67
38104,33.32
38103,32.87
38100,32.58
38099,32.5
38098,32.15
38097,32.45
38096,32.89
38093,32.85
38092,32.54
38091,32.1
38090,32.6
38089,32.92
38085,32.37
38084,31.32
38083,30.22
38082,29.9
38079,30.18
38078,30.79
38077,31.49
38076,31.7
38075,31.13
38072,31.57
38071,31.93
38070,32.85
38069,32.83
38068,32.46
38065,33.01
38064,33.03
38063,32.95
38062,32.59
38061,32.3
38058,31.94
38057,31.95
38056,31.67
38055,32.3
38054,32.59
38051,32.75
38050,32.05
38049,31.82
38048,32.48
38047,31.82
38044,31.13
38043,31
38042,30.89
38041,30.55
38040,30.2
38037,30.17
38036,30.44
38035,30.52
38034,30.08
38033,29.72
38030,29.74
38029,28.96
38028,29.13
38027,28.75
38026,28.09
38023,28.2
38022,28.2
38021,28.55
38020,29.19
38019,29.06
38016,28.68
38015,28.98
38014,29.49
38013,29.99
38012,30.17
38009,30.74
38008,30.71
38007,30.74
38006,31.01
38005,30.73
38002,30.27
38001,30.37
38000,30.53
37999,31.08
37998,30.96
37995,30.88
37994,30.41
37993,30.23
37992,30.33
37991,29.85
37988,29.41
37986,29.87
37985,29.73
37984,29.53
37979,29.91
37978,29.13
37977,29.62
37974,30.71
37973,30.73
37972,30.45
37971,30.34
37970,30.04
37967,29.9
37966,29.42
37965,29.64
37964,29.73
37963,29.47
37960,28.69
37959,29.02
37958,28.68
37957,28.43
37956,27.92
37953,28.45
37952,28.39
37951,28.15
37950,27.98
37949,28.29
37946,29.41
37945,29.45
37944,29.79
37943,29.21
37942,28.9
37939,29.26
37938,28.94
37937,28.63
37936,28.63
37935,28.58
37932,28.3
37931,27.84
37930,27.49
37929,26.77
37928,27.19
37925,27.17
37924,26.98
37923,27.58
37922,27.77
37921,28.12
37918,28.23
37917,28.1
37916,28.16
37915,28.4
37914,28.4
37911,28.89
37910,29.74
37909,29.66
37908,29.78
37907,29.75
37904,29.88
37903,28.6
37902,27.99
37901,28.11
37900,28.19
37897,27.85
37896,27.6
37895,27.08
37894,26.82
37893,26.38
37890,26.11
37889,26.37
37888,25.59
37887,25.14
37886,24.82
37883,24.82
37882,24.9
37881,25.16
37880,25.59
37879,25.79
37876,25.94
37875,26.48
37874,26.52
37873,26.44
37872,26.41
37869,26.35
37868,26.69
37867,26.86
37866,27.52
37865,28.62
37862,28.9
37861,28.8
37860,28.77
37859,29.04
37858,29.01
37855,29.17
37854,28.73
37853,28.02
37852,27.94
37851,28.32
37848,28.42
37847,28.02
37846,28.61
37845,28.97
37844,29.02
37841,29.22
37840,29.07
37839,28.88
37838,28.8
37837,28.66
37834,28.21
37833,27.52
37832,27.31
37831,27.18
37830,27.02
37827,27.38
37826,27.23
37825,27
37824,27.17
37823,27.98
37820,28.23
37819,27.93
37818,27.87
37817,27.98
37816,28.02
37813,28.14
37812,27.98
37811,27.43
37810,26.83
37809,27.04
37806,27.19
37805,27.6
37804,27.31
37803,27.19
37802,27.11
37799,26.55
37798,26.62
37797,26.58
37796,26.26
37795,26.54
37792,26.34
37791,25.6
37790,25.88
37789,26.37
37788,26.44
37785,26.7
37784,27.48
37783,27.86
37782,27.51
37781,27.53
37778,27.3
37777,26.77
37776,26.72
37775,27.09
37774,27.1
37771,26.71
37770,26.27
37769,26.49
37768,26.48
37767,26.87
37764,26.85
37763,26.53
37762,26.64
37761,26.1
37760,26.53
37757,26.24
37756,26.21
37755,26.13
37754,25.41
37753,25.32
37750,25.14
37749,24.44
37748,23.89
37747,23.92
37746,23.99
37743,23.84
37742,23.85
37741,23.72
37740,23.27
37739,23.64
37736,24.4
37735,23.97
37734,25.14
37733,26.24
37732,26.64
37728,26.25
37727,25.71
37726,25.56
37725,25.35
37722,24.96
37721,25.4
37720,25.59
37719,25.33
37718,24.91
37715,25.38
37714,26
37713,25.76
37712,26.8
37711,27.22
37708,27.23
37707,26.66
37706,25.54
37705,26.84
37704,25.7
37701,24.81
37700,26.51
37699,27.12
37698,27.69
37697,29.8
37694,30.98
37693,32.42
37692,32.74
37691,32.54
37690,33.11
37687,32.79
37686,32.5
37685,32.29
37684,32.12
37683,31.63
37680,32.63
37679,32.48
37678,32.49
37677,32.73
37676,32.44
37673,31.84
37672,31.48
37671,31.95
37670,31.85
37669,31.9
37666,32.33
37665,31.91
37664,31.3
37663,31.35
37662,31.38
37659,31.25
37658,30.77
37657,30.52
37656,29.98
37655,30.29
37652,30.71
37651,30.58
37650,30.3
37649,29.83
37648,30.16
37645,30.56
37644,30.18
37643,30.89
37642,30.9
37641,31.21
37638,31.02
37637,30.87
37636,30.66
37635,30.21
37634,29.82
37631,29.82
37630,29.51
37629,28.86
37628,29.72
37627,30.71
37624,30.83
37623,30.05
